datetime,soil_moisture,year,month
2023-07-01 00:00:00,0.3361036271513296,2023,7
2023-07-03 00:00:00,0.3101155536027732,2023,7
2023-07-06 00:00:00,0.3404834577953238,2023,7
2023-07-08 00:00:00,0.33744868237016484,2023,7
2023-07-11 00:00:00,0.32743512142597314,2023,7
2023-07-14 00:00:00,0.3124973151389723,2023,7
2023-07-16 00:00:00,0.4070126280910643,2023,7
2023-07-17 00:00:00,0.342558687557733,2023,7
2023-07-19 00:00:00,0.35910122848817433,2023,7
2023-07-22 00:00:00,0.3840524867767804,2023,7
2023-07-24 00:00:00,0.39744117165452053,2023,7
2023-07-25 00:00:00,0.36337086284926173,2023,7
2023-07-27 00:00:00,0.3260794184018862,2023,7
