datetime,rainfall_mm_per_hour,year,month
2022-01-01 00:00:00,0.18403624752223893,2022,1
2022-01-01 00:30:00,0.0,2022,1
2022-01-01 01:00:00,0.0,2022,1
2022-01-01 01:30:00,0.0,2022,1
2022-01-01 02:00:00,0.0,2022,1
2022-01-01 02:30:00,0.0,2022,1
2022-01-01 03:00:00,0.0,2022,1
2022-01-01 03:30:00,0.0,2022,1
2022-01-01 04:00:00,0.0,2022,1
2022-01-01 04:30:00,0.0,2022,1
2022-01-01 05:00:00,0.0,2022,1
2022-01-01 05:30:00,0.0,2022,1
2022-01-01 06:00:00,0.0,2022,1
2022-01-01 06:30:00,0.0,2022,1
2022-01-01 07:00:00,0.0,2022,1
2022-01-01 07:30:00,0.0,2022,1
2022-01-01 08:00:00,0.0,2022,1
2022-01-01 08:30:00,0.0,2022,1
2022-01-01 09:00:00,0.0,2022,1
2022-01-01 09:30:00,0.0,2022,1
2022-01-01 10:00:00,0.0,2022,1
2022-01-01 10:30:00,0.0,2022,1
2022-01-01 11:00:00,0.0,2022,1
2022-01-01 11:30:00,0.0,2022,1
2022-01-01 12:00:00,0.0,2022,1
2022-01-01 12:30:00,0.0,2022,1
2022-01-01 13:00:00,0.0,2022,1
2022-01-01 13:30:00,0.0,2022,1
2022-01-01 14:00:00,0.0,2022,1
2022-01-01 14:30:00,0.0,2022,1
2022-01-01 15:00:00,0.0,2022,1
2022-01-01 15:30:00,0.0,2022,1
2022-01-01 16:00:00,0.0,2022,1
2022-01-01 16:30:00,0.0,2022,1
2022-01-01 17:00:00,0.0,2022,1
2022-01-01 17:30:00,0.0,2022,1
2022-01-01 18:00:00,0.0,2022,1
2022-01-01 18:30:00,0.0,2022,1
2022-01-01 19:00:00,0.0,2022,1
2022-01-01 19:30:00,0.0,2022,1
2022-01-01 20:00:00,0.0,2022,1
2022-01-01 20:30:00,0.0,2022,1
2022-01-01 21:00:00,0.0,2022,1
2022-01-01 21:30:00,0.0,2022,1
2022-01-01 22:00:00,0.0,2022,1
2022-01-01 22:30:00,0.0,2022,1
2022-01-01 23:00:00,0.0,2022,1
2022-01-01 23:30:00,0.0,2022,1
2022-01-02 00:00:00,0.0,2022,1
2022-01-02 00:30:00,0.0,2022,1
2022-01-02 01:00:00,0.0,2022,1
2022-01-02 01:30:00,0.0,2022,1
2022-01-02 02:00:00,0.0,2022,1
2022-01-02 02:30:00,0.0,2022,1
2022-01-02 03:00:00,0.0,2022,1
2022-01-02 03:30:00,0.0,2022,1
2022-01-02 04:00:00,0.0,2022,1
2022-01-02 04:30:00,0.0,2022,1
2022-01-02 05:00:00,0.0,2022,1
2022-01-02 05:30:00,0.0,2022,1
2022-01-02 06:00:00,0.0,2022,1
2022-01-02 06:30:00,0.0,2022,1
2022-01-02 07:00:00,0.0,2022,1
2022-01-02 07:30:00,0.0,2022,1
2022-01-02 08:00:00,0.0,2022,1
2022-01-02 08:30:00,0.0,2022,1
2022-01-02 09:00:00,0.0,2022,1
2022-01-02 09:30:00,0.022697986292359012,2022,1
2022-01-02 10:00:00,0.0,2022,1
2022-01-02 10:30:00,0.0,2022,1
2022-01-02 11:00:00,0.0,2022,1
2022-01-02 11:30:00,0.0,2022,1
2022-01-02 12:00:00,0.0,2022,1
2022-01-02 12:30:00,0.0,2022,1
2022-01-02 13:00:00,0.0,2022,1
2022-01-02 13:30:00,0.0,2022,1
2022-01-02 14:00:00,0.0,2022,1
2022-01-02 14:30:00,0.0,2022,1
2022-01-02 15:00:00,0.0,2022,1
2022-01-02 15:30:00,0.0,2022,1
2022-01-02 16:00:00,0.0,2022,1
2022-01-02 16:30:00,0.0,2022,1
2022-01-02 17:00:00,0.0,2022,1
2022-01-02 17:30:00,0.0,2022,1
2022-01-02 18:00:00,0.0,2022,1
2022-01-02 18:30:00,0.0,2022,1
2022-01-02 19:00:00,0.0019731542808097483,2022,1
2022-01-02 19:30:00,0.002093959654737639,2022,1
2022-01-02 20:00:00,0.0023355704025934208,2022,1
2022-01-02 20:30:00,0.0023355704025934208,2022,1
2022-01-02 21:00:00,0.002093959654737639,2022,1
2022-01-02 21:30:00,0.0019731542808097483,2022,1
2022-01-02 22:00:00,0.0017315435329539662,2022,1
2022-01-02 22:30:00,0.0004429530177340412,2022,1
2022-01-02 23:00:00,0.0,2022,1
2022-01-02 23:30:00,0.0,2022,1
2022-01-03 00:00:00,0.0,2022,1
2022-01-03 00:30:00,0.0,2022,1
2022-01-03 01:00:00,0.0,2022,1
2022-01-03 01:30:00,0.0,2022,1
2022-01-03 02:00:00,0.0,2022,1
2022-01-03 02:30:00,0.0,2022,1
2022-01-03 03:00:00,0.0,2022,1
2022-01-03 03:30:00,0.0,2022,1
2022-01-03 04:00:00,0.0,2022,1
2022-01-03 04:30:00,0.0,2022,1
2022-01-03 05:00:00,0.0,2022,1
2022-01-03 05:30:00,0.0,2022,1
2022-01-03 06:00:00,0.0,2022,1
2022-01-03 06:30:00,0.0,2022,1
2022-01-03 07:00:00,0.0,2022,1
2022-01-03 07:30:00,0.0,2022,1
2022-01-03 08:00:00,0.0,2022,1
2022-01-03 08:30:00,0.0,2022,1
2022-01-03 09:00:00,0.0,2022,1
2022-01-03 09:30:00,0.0,2022,1
2022-01-03 10:00:00,0.0,2022,1
2022-01-03 10:30:00,0.0,2022,1
2022-01-03 11:00:00,0.0,2022,1
2022-01-03 11:30:00,0.0,2022,1
2022-01-03 12:00:00,0.0,2022,1
2022-01-03 12:30:00,0.0,2022,1
2022-01-03 13:00:00,0.0,2022,1
2022-01-03 13:30:00,0.0,2022,1
2022-01-03 14:00:00,0.0,2022,1
2022-01-03 14:30:00,0.0,2022,1
2022-01-03 15:00:00,0.0,2022,1
2022-01-03 15:30:00,0.0,2022,1
2022-01-03 16:00:00,0.0,2022,1
2022-01-03 16:30:00,0.0,2022,1
2022-01-03 17:00:00,0.0,2022,1
2022-01-03 17:30:00,0.0,2022,1
2022-01-03 18:00:00,0.0,2022,1
2022-01-03 18:30:00,0.0,2022,1
2022-01-03 19:00:00,0.0,2022,1
2022-01-03 19:30:00,0.0,2022,1
2022-01-03 20:00:00,0.0,2022,1
2022-01-03 20:30:00,0.0,2022,1
2022-01-03 21:00:00,0.0,2022,1
2022-01-03 21:30:00,0.0,2022,1
2022-01-03 22:00:00,0.0,2022,1
2022-01-03 22:30:00,0.0,2022,1
2022-01-03 23:00:00,0.0,2022,1
2022-01-03 23:30:00,0.0,2022,1
2022-01-04 00:00:00,0.002093959654737639,2022,1
2022-01-04 00:30:00,0.0006040268096347783,2022,1
2022-01-04 01:00:00,0.007691275033374761,2022,1
2022-01-04 01:30:00,0.008577180708814788,2022,1
2022-01-04 02:00:00,0.06153019906690457,2022,1
2022-01-04 02:30:00,0.17947650307776947,2022,1
2022-01-04 03:00:00,0.23863087916534223,2022,1
2022-01-04 03:30:00,0.13542281253225852,2022,1
2022-01-04 04:00:00,0.28014763399658593,2022,1
2022-01-04 04:30:00,0.22719461389836051,2022,1
2022-01-04 05:00:00,0.2313825543294817,2022,1
2022-01-04 05:30:00,0.1769395908253305,2022,1
2022-01-04 06:00:00,0.16646978967141787,2022,1
2022-01-04 06:30:00,0.2327919445981916,2022,1
2022-01-04 07:00:00,0.34111408499263274,2022,1
2022-01-04 07:30:00,0.1739463098097168,2022,1
2022-01-04 08:00:00,0.5637717927862334,2022,1
2022-01-04 08:30:00,0.4542013182736084,2022,1
2022-01-04 09:00:00,0.007315436125601698,2022,1
2022-01-04 09:30:00,0.09085905981943912,2022,1
2022-01-04 10:00:00,1.1987113668814602,2022,1
2022-01-04 10:30:00,0.5513959637424289,2022,1
2022-01-04 11:00:00,0.16511408936657365,2022,1
2022-01-04 11:30:00,0.8364697677577104,2022,1
2022-01-04 12:00:00,1.2191006564203926,2022,1
2022-01-04 12:30:00,0.2095167741179466,2022,1
2022-01-04 13:00:00,0.05675167693387742,2022,1
2022-01-04 13:30:00,0.031087246837231935,2022,1
2022-01-04 14:00:00,0.018281878110946424,2022,1
2022-01-04 14:30:00,0.0007248321835626692,2022,1
2022-01-04 15:00:00,0.006322147382185763,2022,1
2022-01-04 15:30:00,0.20214764321810447,2022,1
2022-01-04 16:00:00,0.37285904804332143,2022,1
2022-01-04 16:30:00,0.019382550092351517,2022,1
2022-01-04 17:00:00,0.02881879182469925,2022,1
2022-01-04 17:30:00,0.0,2022,1
2022-01-04 18:00:00,0.0,2022,1
2022-01-04 18:30:00,0.0,2022,1
2022-01-04 19:00:00,0.0,2022,1
2022-01-04 19:30:00,0.0007248321835626692,2022,1
2022-01-04 20:00:00,0.423973131659847,2022,1
2022-01-04 20:30:00,0.3762952927224989,2022,1
2022-01-04 21:00:00,0.0,2022,1
2022-01-04 21:30:00,0.0,2022,1
2022-01-04 22:00:00,0.0,2022,1
2022-01-04 22:30:00,0.0,2022,1
2022-01-04 23:00:00,0.0,2022,1
2022-01-04 23:30:00,0.0,2022,1
2022-01-05 00:00:00,0.0037046978137637143,2022,1
2022-01-05 00:30:00,0.18820134081296472,2022,1
2022-01-05 01:00:00,0.5298120635467889,2022,1
2022-01-05 01:30:00,0.5445906015850553,2022,1
2022-01-05 02:00:00,0.08536912314843811,2022,1
2022-01-05 02:30:00,0.1988859074227762,2022,1
2022-01-05 03:00:00,0.20222818947478433,2022,1
2022-01-05 03:30:00,0.15812079786454272,2022,1
2022-01-05 04:00:00,0.2372483206875372,2022,1
2022-01-05 04:30:00,0.4991946096388286,2022,1
2022-01-05 05:00:00,0.21406710435880114,2022,1
2022-01-05 05:30:00,0.20598656979183225,2022,1
2022-01-05 06:00:00,0.31566441839173337,2022,1
2022-01-05 06:30:00,0.7666710970385763,2022,1
2022-01-05 07:00:00,1.3250871984750634,2022,1
2022-01-05 07:30:00,1.2364161036958632,2022,1
2022-01-05 08:00:00,0.5415704627165059,2022,1
2022-01-05 08:30:00,0.03213422794470051,2022,1
2022-01-05 09:00:00,0.02106040198880954,2022,1
2022-01-05 09:30:00,0.5501610576531432,2022,1
2022-01-05 10:00:00,3.1127247570345067,2022,1
2022-01-05 10:30:00,3.968483153925646,2022,1
2022-01-05 11:00:00,4.383557037059093,2022,1
2022-01-05 11:30:00,4.819798621555303,2022,1
2022-01-05 12:00:00,4.616590526760024,2022,1
2022-01-05 12:30:00,4.825516616258045,2022,1
2022-01-05 13:00:00,2.7209663787944205,2022,1
2022-01-05 13:30:00,0.2705771669645438,2022,1
2022-01-05 14:00:00,0.43629528088057606,2022,1
2022-01-05 14:30:00,2.2891677539620625,2022,1
2022-01-05 15:00:00,0.5964429329705719,2022,1
2022-01-05 15:30:00,0.03136912800321643,2022,1
2022-01-05 16:00:00,0.012724831600317218,2022,1
2022-01-05 16:30:00,0.6794630927527512,2022,1
2022-01-05 17:00:00,3.6023221351956365,2022,1
2022-01-05 17:30:00,6.521556781967415,2022,1
2022-01-05 18:00:00,7.457221343533304,2022,1
2022-01-05 18:30:00,4.739409381511227,2022,1
2022-01-05 19:00:00,0.42386577146365323,2022,1
2022-01-05 19:30:00,0.034644294305135735,2022,1
2022-01-05 20:00:00,0.0,2022,1
2022-01-05 20:30:00,0.0,2022,1
2022-01-05 21:00:00,0.17404026861158794,2022,1
2022-01-05 21:30:00,0.12245637182421333,2022,1
2022-01-05 22:00:00,0.3028187784572576,2022,1
2022-01-05 22:30:00,0.26037583163120603,2022,1
2022-01-05 23:00:00,0.0,2022,1
2022-01-05 23:30:00,0.0,2022,1
2022-01-06 00:00:00,0.0,2022,1
2022-01-06 00:30:00,0.0,2022,1
2022-01-06 01:00:00,0.0,2022,1
2022-01-06 01:30:00,0.0,2022,1
2022-01-06 02:00:00,0.0,2022,1
2022-01-06 02:30:00,0.0,2022,1
2022-01-06 03:00:00,0.0,2022,1
2022-01-06 03:30:00,0.0,2022,1
2022-01-06 04:00:00,0.0,2022,1
2022-01-06 04:30:00,0.0,2022,1
2022-01-06 05:00:00,0.0,2022,1
2022-01-06 05:30:00,0.0,2022,1
2022-01-06 06:00:00,0.0,2022,1
2022-01-06 06:30:00,0.0,2022,1
2022-01-06 07:00:00,0.0,2022,1
2022-01-06 07:30:00,0.0,2022,1
2022-01-06 08:00:00,0.0,2022,1
2022-01-06 08:30:00,0.0,2022,1
2022-01-06 09:00:00,0.0,2022,1
2022-01-06 09:30:00,0.0,2022,1
2022-01-06 10:00:00,0.0,2022,1
2022-01-06 10:30:00,0.0,2022,1
2022-01-06 11:00:00,0.0,2022,1
2022-01-06 11:30:00,0.0,2022,1
2022-01-06 12:00:00,0.0,2022,1
2022-01-06 12:30:00,0.0,2022,1
2022-01-06 13:00:00,0.0,2022,1
2022-01-06 13:30:00,0.0,2022,1
2022-01-06 14:00:00,0.0,2022,1
2022-01-06 14:30:00,0.0,2022,1
2022-01-06 15:00:00,0.0,2022,1
2022-01-06 15:30:00,0.0,2022,1
2022-01-06 16:00:00,0.0,2022,1
2022-01-06 16:30:00,0.10667113665766365,2022,1
2022-01-06 17:00:00,0.6669261469136949,2022,1
2022-01-06 17:30:00,0.16150335209481667,2022,1
2022-01-06 18:00:00,0.0,2022,1
2022-01-06 18:30:00,0.0,2022,1
2022-01-06 19:00:00,0.0,2022,1
2022-01-06 19:30:00,0.0,2022,1
2022-01-06 20:00:00,0.0,2022,1
2022-01-06 20:30:00,0.0,2022,1
2022-01-06 21:00:00,0.0,2022,1
2022-01-06 21:30:00,0.0,2022,1
2022-01-06 22:00:00,0.0,2022,1
2022-01-06 22:30:00,0.0,2022,1
2022-01-06 23:00:00,0.0,2022,1
2022-01-06 23:30:00,0.0,2022,1
2022-01-07 00:00:00,0.0,2022,1
2022-01-07 00:30:00,0.0,2022,1
2022-01-07 01:00:00,0.0,2022,1
2022-01-07 01:30:00,0.0,2022,1
2022-01-07 02:00:00,0.0,2022,1
2022-01-07 02:30:00,0.0,2022,1
2022-01-07 03:00:00,0.0005100671026930714,2022,1
2022-01-07 03:30:00,0.0,2022,1
2022-01-07 04:00:00,0.0,2022,1
2022-01-07 04:30:00,0.0061610737102943776,2022,1
2022-01-07 05:00:00,0.1124832196523679,2022,1
2022-01-07 05:30:00,0.07942282065449147,2022,1
2022-01-07 06:00:00,0.0023355704175945895,2022,1
2022-01-07 06:30:00,0.0,2022,1
2022-01-07 07:00:00,0.0,2022,1
2022-01-07 07:30:00,0.0,2022,1
2022-01-07 08:00:00,0.0,2022,1
2022-01-07 08:30:00,0.0,2022,1
2022-01-07 09:00:00,0.0,2022,1
2022-01-07 09:30:00,0.0,2022,1
2022-01-07 10:00:00,0.0,2022,1
2022-01-07 10:30:00,0.0,2022,1
2022-01-07 11:00:00,0.0,2022,1
2022-01-07 11:30:00,0.0,2022,1
2022-01-07 12:00:00,0.0,2022,1
2022-01-07 12:30:00,0.0,2022,1
2022-01-07 13:00:00,0.0,2022,1
2022-01-07 13:30:00,0.0,2022,1
2022-01-07 14:00:00,0.0,2022,1
2022-01-07 14:30:00,0.0,2022,1
2022-01-07 15:00:00,0.0,2022,1
2022-01-07 15:30:00,0.0,2022,1
2022-01-07 16:00:00,0.0,2022,1
2022-01-07 16:30:00,0.09906039842023144,2022,1
2022-01-07 17:00:00,0.01510067054589323,2022,1
2022-01-07 17:30:00,0.0,2022,1
2022-01-07 18:00:00,0.0,2022,1
2022-01-07 18:30:00,0.0,2022,1
2022-01-07 19:00:00,0.0,2022,1
2022-01-07 19:30:00,0.0,2022,1
2022-01-07 20:00:00,0.0,2022,1
2022-01-07 20:30:00,0.0,2022,1
2022-01-07 21:00:00,0.0,2022,1
2022-01-07 21:30:00,0.019248321792423327,2022,1
2022-01-07 22:00:00,0.20076509024072817,2022,1
2022-01-07 22:30:00,0.17240268288042723,2022,1
2022-01-07 23:00:00,0.0,2022,1
2022-01-07 23:30:00,0.0,2022,1
2022-01-08 00:00:00,0.0,2022,1
2022-01-08 00:30:00,0.0,2022,1
2022-01-08 01:00:00,0.0,2022,1
2022-01-08 01:30:00,0.0,2022,1
2022-01-08 02:00:00,0.0,2022,1
2022-01-08 02:30:00,0.0,2022,1
2022-01-08 03:00:00,0.007530201166468179,2022,1
2022-01-08 03:30:00,0.022885906196280614,2022,1
2022-01-08 04:00:00,0.0740671109033111,2022,1
2022-01-08 04:30:00,0.03441610750335975,2022,1
2022-01-08 05:00:00,0.10990603850191871,2022,1
2022-01-08 05:30:00,0.01518120770686425,2022,1
2022-01-08 06:00:00,4.026845547576879e-05,2022,1
2022-01-08 06:30:00,0.0078120803622991454,2022,1
2022-01-08 07:00:00,0.0,2022,1
2022-01-08 07:30:00,0.0,2022,1
2022-01-08 08:00:00,0.0,2022,1
2022-01-08 08:30:00,0.0007248321835626692,2022,1
2022-01-08 09:00:00,0.04020134226587796,2022,1
2022-01-08 09:30:00,0.19198656947220732,2022,1
2022-01-08 10:00:00,0.0,2022,1
2022-01-08 10:30:00,0.0,2022,1
2022-01-08 11:00:00,0.0010469798423699886,2022,1
2022-01-08 11:30:00,0.0,2022,1
2022-01-08 12:00:00,0.1224966398021519,2022,1
2022-01-08 12:30:00,0.3004832094947764,2022,1
2022-01-08 13:00:00,0.2082147546262549,2022,1
2022-01-08 13:30:00,0.49142281385076125,2022,1
2022-01-08 14:00:00,0.513114086893581,2022,1
2022-01-08 14:30:00,0.38550335400856584,2022,1
2022-01-08 15:00:00,0.0,2022,1
2022-01-08 15:30:00,0.09571811592818907,2022,1
2022-01-08 16:00:00,0.5693019939749033,2022,1
2022-01-08 16:30:00,0.49418789988396156,2022,1
2022-01-08 17:00:00,0.6239194426360547,2022,1
2022-01-08 17:30:00,0.3440805232964906,2022,1
2022-01-08 18:00:00,0.105436241286713,2022,1
2022-01-08 18:30:00,0.0,2022,1
2022-01-08 19:00:00,0.0,2022,1
2022-01-08 19:30:00,0.0,2022,1
2022-01-08 20:00:00,0.0,2022,1
2022-01-08 20:30:00,0.0,2022,1
2022-01-08 21:00:00,0.0,2022,1
2022-01-08 21:30:00,0.0,2022,1
2022-01-08 22:00:00,0.05197315162060245,2022,1
2022-01-08 22:30:00,0.0,2022,1
2022-01-08 23:00:00,0.1025905988560427,2022,1
2022-01-08 23:30:00,0.48174497071128564,2022,1
2022-01-09 00:00:00,0.25708724604357014,2022,1
2022-01-09 00:30:00,0.3457718011316837,2022,1
2022-01-09 01:00:00,0.13053691045149862,2022,1
2022-01-09 01:30:00,0.0,2022,1
2022-01-09 02:00:00,0.0,2022,1
2022-01-09 02:30:00,0.0,2022,1
2022-01-09 03:00:00,0.0,2022,1
2022-01-09 03:30:00,0.0,2022,1
2022-01-09 04:00:00,0.0,2022,1
2022-01-09 04:30:00,0.0,2022,1
2022-01-09 05:00:00,0.0,2022,1
2022-01-09 05:30:00,0.015624160724598291,2022,1
2022-01-09 06:00:00,0.0,2022,1
2022-01-09 06:30:00,0.0,2022,1
2022-01-09 07:00:00,0.0,2022,1
2022-01-09 07:30:00,0.0,2022,1
2022-01-09 08:00:00,0.0,2022,1
2022-01-09 08:30:00,0.0,2022,1
2022-01-09 09:00:00,0.0,2022,1
2022-01-09 09:30:00,0.0,2022,1
2022-01-09 10:00:00,0.013261744480005049,2022,1
2022-01-09 10:30:00,0.07073825577761503,2022,1
2022-01-09 11:00:00,0.012402684616562505,2022,1
2022-01-09 11:30:00,0.022268455630580858,2022,1
2022-01-09 12:00:00,0.034926174591051656,2022,1
2022-01-09 12:30:00,0.03781208061931918,2022,1
2022-01-09 13:00:00,0.0,2022,1
2022-01-09 13:30:00,0.0,2022,1
2022-01-09 14:00:00,0.0,2022,1
2022-01-09 14:30:00,0.1099865736052294,2022,1
2022-01-09 15:00:00,0.3130335469773952,2022,1
2022-01-09 15:30:00,0.5211006623786567,2022,1
2022-01-09 16:00:00,0.4167248118643793,2022,1
2022-01-09 16:30:00,0.0,2022,1
2022-01-09 17:00:00,0.0001342281849192293,2022,1
2022-01-09 17:30:00,0.0,2022,1
2022-01-09 18:00:00,0.14330201018976688,2022,1
2022-01-09 18:30:00,0.031852348138822005,2022,1
2022-01-09 19:00:00,0.01969127433011996,2022,1
2022-01-09 19:30:00,0.10546308387845958,2022,1
2022-01-09 20:00:00,0.016308723860139016,2022,1
2022-01-09 20:30:00,0.016308723860139016,2022,1
2022-01-09 21:00:00,0.0,2022,1
2022-01-09 21:30:00,0.0,2022,1
2022-01-09 22:00:00,0.0012751677092289766,2022,1
2022-01-09 22:30:00,0.002818791898304984,2022,1
2022-01-09 23:00:00,0.19445636664460972,2022,1
2022-01-09 23:30:00,1.5658523227144407,2022,1
2022-01-10 00:00:00,1.6990335162854036,2022,1
2022-01-10 00:30:00,0.444469782410052,2022,1
2022-01-10 01:00:00,0.22041610815131019,2022,1
2022-01-10 01:30:00,0.4410201296810336,2022,1
2022-01-10 02:00:00,0.0001342281849192293,2022,1
2022-01-10 02:30:00,0.0,2022,1
2022-01-10 03:00:00,0.0,2022,1
2022-01-10 03:30:00,0.0,2022,1
2022-01-10 04:00:00,0.0,2022,1
2022-01-10 04:30:00,0.0,2022,1
2022-01-10 05:00:00,0.0,2022,1
2022-01-10 05:30:00,0.0,2022,1
2022-01-10 06:00:00,0.0,2022,1
2022-01-10 06:30:00,0.04107382373521792,2022,1
2022-01-10 07:00:00,0.0,2022,1
2022-01-10 07:30:00,0.0,2022,1
2022-01-10 08:00:00,0.0,2022,1
2022-01-10 08:30:00,0.0,2022,1
2022-01-10 09:00:00,0.08571811795184678,2022,1
2022-01-10 09:30:00,0.1446040214308156,2022,1
2022-01-10 10:00:00,0.11735570318746887,2022,1
2022-01-10 10:30:00,0.04633557092423407,2022,1
2022-01-10 11:00:00,0.0384832216989274,2022,1
2022-01-10 11:30:00,0.028604025568738083,2022,1
2022-01-10 12:00:00,0.0,2022,1
2022-01-10 12:30:00,0.0,2022,1
2022-01-10 13:00:00,0.5736241592006794,2022,1
2022-01-10 13:30:00,0.060644294009012674,2022,1
2022-01-10 14:00:00,0.0,2022,1
2022-01-10 14:30:00,0.0,2022,1
2022-01-10 15:00:00,0.08394630351072589,2022,1
2022-01-10 15:30:00,0.16637583634997377,2022,1
2022-01-10 16:00:00,0.18091274307878227,2022,1
2022-01-10 16:30:00,0.22460402314294908,2022,1
2022-01-10 17:00:00,0.21884563289232703,2022,1
2022-01-10 17:30:00,0.022778522758275875,2022,1
2022-01-10 18:00:00,0.01374496611572752,2022,1
2022-01-10 18:30:00,0.022563757892423028,2022,1
2022-01-10 19:00:00,0.0023624160545784355,2022,1
2022-01-10 19:30:00,0.0,2022,1
2022-01-10 20:00:00,0.0,2022,1
2022-01-10 20:30:00,0.0,2022,1
2022-01-10 21:00:00,0.0,2022,1
2022-01-10 21:30:00,0.0,2022,1
2022-01-10 22:00:00,0.0,2022,1
2022-01-10 22:30:00,0.0,2022,1
2022-01-10 23:00:00,0.0,2022,1
2022-01-10 23:30:00,0.0,2022,1
2022-01-11 00:00:00,0.0,2022,1
2022-01-11 00:30:00,0.0,2022,1
2022-01-11 01:00:00,0.0,2022,1
2022-01-11 01:30:00,0.0,2022,1
2022-01-11 02:00:00,0.0,2022,1
2022-01-11 02:30:00,0.0,2022,1
2022-01-11 03:00:00,0.03457718135526516,2022,1
2022-01-11 03:30:00,0.03334227952381108,2022,1
2022-01-11 04:00:00,0.0790335552804422,2022,1
2022-01-11 04:30:00,0.0790335552804422,2022,1
2022-01-11 05:00:00,0.04569127575663112,2022,1
2022-01-11 05:30:00,0.049395970210132985,2022,1
2022-01-11 06:00:00,0.0,2022,1
2022-01-11 06:30:00,0.0,2022,1
2022-01-11 07:00:00,0.0,2022,1
2022-01-11 07:30:00,0.0,2022,1
2022-01-11 08:00:00,0.0,2022,1
2022-01-11 08:30:00,0.0,2022,1
2022-01-11 09:00:00,0.0,2022,1
2022-01-11 09:30:00,0.0,2022,1
2022-01-11 10:00:00,0.0,2022,1
2022-01-11 10:30:00,0.0,2022,1
2022-01-11 11:00:00,0.0,2022,1
2022-01-11 11:30:00,0.0,2022,1
2022-01-11 12:00:00,0.0,2022,1
2022-01-11 12:30:00,0.0,2022,1
2022-01-11 13:00:00,0.0,2022,1
2022-01-11 13:30:00,0.0,2022,1
2022-01-11 14:00:00,0.0,2022,1
2022-01-11 14:30:00,0.0,2022,1
2022-01-11 15:00:00,0.0,2022,1
2022-01-11 15:30:00,0.0,2022,1
2022-01-11 16:00:00,0.0,2022,1
2022-01-11 16:30:00,0.0,2022,1
2022-01-11 17:00:00,0.0,2022,1
2022-01-11 17:30:00,0.0,2022,1
2022-01-11 18:00:00,0.0,2022,1
2022-01-11 18:30:00,0.0,2022,1
2022-01-11 19:00:00,0.0,2022,1
2022-01-11 19:30:00,0.0,2022,1
2022-01-11 20:00:00,0.0,2022,1
2022-01-11 20:30:00,0.0,2022,1
2022-01-11 21:00:00,0.0,2022,1
2022-01-11 21:30:00,0.0,2022,1
2022-01-11 22:00:00,0.0,2022,1
2022-01-11 22:30:00,0.0,2022,1
2022-01-11 23:00:00,0.0,2022,1
2022-01-11 23:30:00,0.0,2022,1
2022-01-12 00:00:00,0.0,2022,1
2022-01-12 00:30:00,0.0,2022,1
2022-01-12 01:00:00,0.0,2022,1
2022-01-12 01:30:00,0.0,2022,1
2022-01-12 02:00:00,0.0,2022,1
2022-01-12 02:30:00,0.0,2022,1
2022-01-12 03:00:00,0.0,2022,1
2022-01-12 03:30:00,0.0,2022,1
2022-01-12 04:00:00,0.0,2022,1
2022-01-12 04:30:00,0.0,2022,1
2022-01-12 05:00:00,0.0,2022,1
2022-01-12 05:30:00,0.0,2022,1
2022-01-12 06:00:00,0.0,2022,1
2022-01-12 06:30:00,0.0,2022,1
2022-01-12 07:00:00,0.0,2022,1
2022-01-12 07:30:00,0.0,2022,1
2022-01-12 08:00:00,0.0,2022,1
2022-01-12 08:30:00,0.0,2022,1
2022-01-12 09:00:00,0.0,2022,1
2022-01-12 09:30:00,0.0,2022,1
2022-01-12 10:00:00,0.0,2022,1
2022-01-12 10:30:00,0.0,2022,1
2022-01-12 11:00:00,0.0,2022,1
2022-01-12 11:30:00,0.0,2022,1
2022-01-12 12:00:00,0.0,2022,1
2022-01-12 12:30:00,0.0,2022,1
2022-01-12 13:00:00,0.0,2022,1
2022-01-12 13:30:00,0.027167785087687857,2022,1
2022-01-12 14:00:00,0.03087248322147651,2022,1
2022-01-12 14:30:00,0.03087248322147651,2022,1
2022-01-12 15:00:00,0.038093960125174305,2022,1
2022-01-12 15:30:00,0.06306040087002236,2022,1
2022-01-12 16:00:00,0.06632214920632792,2022,1
2022-01-12 16:30:00,0.06740939649159478,2022,1
2022-01-12 17:00:00,0.11303355293785967,2022,1
2022-01-12 17:30:00,0.0955167779186428,2022,1
2022-01-12 18:00:00,0.03696644334185044,2022,1
2022-01-12 18:30:00,0.002134228140215746,2022,1
2022-01-12 19:00:00,0.0,2022,1
2022-01-12 19:30:00,0.0,2022,1
2022-01-12 20:00:00,0.0,2022,1
2022-01-12 20:30:00,0.0,2022,1
2022-01-12 21:00:00,0.0,2022,1
2022-01-12 21:30:00,0.0,2022,1
2022-01-12 22:00:00,0.0,2022,1
2022-01-12 22:30:00,0.0,2022,1
2022-01-12 23:00:00,0.0,2022,1
2022-01-12 23:30:00,0.0,2022,1
2022-01-13 00:00:00,0.0,2022,1
2022-01-13 00:30:00,0.0,2022,1
2022-01-13 01:00:00,0.0,2022,1
2022-01-13 01:30:00,0.0,2022,1
2022-01-13 02:00:00,0.0,2022,1
2022-01-13 02:30:00,0.0,2022,1
2022-01-13 03:00:00,0.0,2022,1
2022-01-13 03:30:00,0.0,2022,1
2022-01-13 04:00:00,0.0,2022,1
2022-01-13 04:30:00,0.0,2022,1
2022-01-13 05:00:00,0.0,2022,1
2022-01-13 05:30:00,0.0,2022,1
2022-01-13 06:00:00,0.0,2022,1
2022-01-13 06:30:00,0.0,2022,1
2022-01-13 07:00:00,0.0,2022,1
2022-01-13 07:30:00,0.0,2022,1
2022-01-13 08:00:00,0.0,2022,1
2022-01-13 08:30:00,0.0,2022,1
2022-01-13 09:00:00,0.0,2022,1
2022-01-13 09:30:00,0.0,2022,1
2022-01-13 10:00:00,0.0,2022,1
2022-01-13 10:30:00,0.0,2022,1
2022-01-13 11:00:00,0.0,2022,1
2022-01-13 11:30:00,0.0,2022,1
2022-01-13 12:00:00,0.0,2022,1
2022-01-13 12:30:00,0.0,2022,1
2022-01-13 13:00:00,0.0,2022,1
2022-01-13 13:30:00,0.0,2022,1
2022-01-13 14:00:00,0.0,2022,1
2022-01-13 14:30:00,0.0,2022,1
2022-01-13 15:00:00,0.0,2022,1
2022-01-13 15:30:00,0.0,2022,1
2022-01-13 16:00:00,0.0,2022,1
2022-01-13 16:30:00,0.0,2022,1
2022-01-13 17:00:00,0.0,2022,1
2022-01-13 17:30:00,0.0,2022,1
2022-01-13 18:00:00,0.0,2022,1
2022-01-13 18:30:00,0.0,2022,1
2022-01-13 19:00:00,0.0,2022,1
2022-01-13 19:30:00,0.0,2022,1
2022-01-13 20:00:00,0.0,2022,1
2022-01-13 20:30:00,0.0,2022,1
2022-01-13 21:00:00,0.0,2022,1
2022-01-13 21:30:00,0.0,2022,1
2022-01-13 22:00:00,0.0,2022,1
2022-01-13 22:30:00,0.0,2022,1
2022-01-13 23:00:00,0.0,2022,1
2022-01-13 23:30:00,0.0,2022,1
2022-01-14 00:00:00,0.0,2022,1
2022-01-14 00:30:00,0.0,2022,1
2022-01-14 01:00:00,0.0,2022,1
2022-01-14 01:30:00,0.0,2022,1
2022-01-14 02:00:00,0.0,2022,1
2022-01-14 02:30:00,0.0,2022,1
2022-01-14 03:00:00,0.0,2022,1
2022-01-14 03:30:00,0.0,2022,1
2022-01-14 04:00:00,0.0,2022,1
2022-01-14 04:30:00,0.0,2022,1
2022-01-14 05:00:00,0.0,2022,1
2022-01-14 05:30:00,0.0,2022,1
2022-01-14 06:00:00,0.0,2022,1
2022-01-14 06:30:00,0.0,2022,1
2022-01-14 07:00:00,0.0,2022,1
2022-01-14 07:30:00,0.0,2022,1
2022-01-14 08:00:00,0.0,2022,1
2022-01-14 08:30:00,0.0,2022,1
2022-01-14 09:00:00,0.0,2022,1
2022-01-14 09:30:00,0.0,2022,1
2022-01-14 10:00:00,0.0,2022,1
2022-01-14 10:30:00,0.0,2022,1
2022-01-14 11:00:00,0.0,2022,1
2022-01-14 11:30:00,0.0,2022,1
2022-01-14 12:00:00,0.0,2022,1
2022-01-14 12:30:00,0.0,2022,1
2022-01-14 13:00:00,0.0,2022,1
2022-01-14 13:30:00,0.0,2022,1
2022-01-14 14:00:00,0.0,2022,1
2022-01-14 14:30:00,0.0,2022,1
2022-01-14 15:00:00,0.0,2022,1
2022-01-14 15:30:00,0.0,2022,1
2022-01-14 16:00:00,0.01957046895619207,2022,1
2022-01-14 16:30:00,0.01957046895619207,2022,1
2022-01-14 17:00:00,0.00430872473590726,2022,1
2022-01-14 17:30:00,0.006644295146001266,2022,1
2022-01-14 18:00:00,0.003261744893537272,2022,1
2022-01-14 18:30:00,0.0010469798423699886,2022,1
2022-01-14 19:00:00,0.0,2022,1
2022-01-14 19:30:00,0.0,2022,1
2022-01-14 20:00:00,0.0,2022,1
2022-01-14 20:30:00,0.0,2022,1
2022-01-14 21:00:00,0.0,2022,1
2022-01-14 21:30:00,0.0,2022,1
2022-01-14 22:00:00,0.0,2022,1
2022-01-14 22:30:00,0.0,2022,1
2022-01-14 23:00:00,0.0,2022,1
2022-01-14 23:30:00,0.0,2022,1
2022-01-15 00:00:00,0.0,2022,1
2022-01-15 00:30:00,0.0,2022,1
2022-01-15 01:00:00,0.0,2022,1
2022-01-15 01:30:00,0.0,2022,1
2022-01-15 02:00:00,0.0,2022,1
2022-01-15 02:30:00,0.0,2022,1
2022-01-15 03:00:00,0.0,2022,1
2022-01-15 03:30:00,0.0,2022,1
2022-01-15 04:00:00,0.0,2022,1
2022-01-15 04:30:00,0.0,2022,1
2022-01-15 05:00:00,0.0,2022,1
2022-01-15 05:30:00,0.0,2022,1
2022-01-15 06:00:00,0.0,2022,1
2022-01-15 06:30:00,0.0,2022,1
2022-01-15 07:00:00,0.0,2022,1
2022-01-15 07:30:00,0.0,2022,1
2022-01-15 08:00:00,0.0,2022,1
2022-01-15 08:30:00,0.0,2022,1
2022-01-15 09:00:00,0.0,2022,1
2022-01-15 09:30:00,0.0,2022,1
2022-01-15 10:00:00,0.0,2022,1
2022-01-15 10:30:00,0.0,2022,1
2022-01-15 11:00:00,0.0,2022,1
2022-01-15 11:30:00,0.0,2022,1
2022-01-15 12:00:00,0.0,2022,1
2022-01-15 12:30:00,0.0,2022,1
2022-01-15 13:00:00,0.0,2022,1
2022-01-15 13:30:00,0.0,2022,1
2022-01-15 14:00:00,0.0,2022,1
2022-01-15 14:30:00,0.0,2022,1
2022-01-15 15:00:00,0.0,2022,1
2022-01-15 15:30:00,0.0,2022,1
2022-01-15 16:00:00,0.0,2022,1
2022-01-15 16:30:00,0.0,2022,1
2022-01-15 17:00:00,0.0,2022,1
2022-01-15 17:30:00,0.0,2022,1
2022-01-15 18:00:00,0.0,2022,1
2022-01-15 18:30:00,0.0,2022,1
2022-01-15 19:00:00,0.0,2022,1
2022-01-15 19:30:00,0.0,2022,1
2022-01-15 20:00:00,0.0,2022,1
2022-01-15 20:30:00,0.0,2022,1
2022-01-15 21:00:00,0.0,2022,1
2022-01-15 21:30:00,0.0,2022,1
2022-01-15 22:00:00,0.0,2022,1
2022-01-15 22:30:00,0.0,2022,1
2022-01-15 23:00:00,0.0,2022,1
2022-01-15 23:30:00,0.0,2022,1
2022-01-16 00:00:00,0.0,2022,1
2022-01-16 00:30:00,0.0,2022,1
2022-01-16 01:00:00,0.0,2022,1
2022-01-16 01:30:00,0.0,2022,1
2022-01-16 02:00:00,0.0,2022,1
2022-01-16 02:30:00,0.0,2022,1
2022-01-16 03:00:00,0.02919462913734801,2022,1
2022-01-16 03:30:00,0.0,2022,1
2022-01-16 04:00:00,0.0,2022,1
2022-01-16 04:30:00,0.0,2022,1
2022-01-16 05:00:00,0.0,2022,1
2022-01-16 05:30:00,0.0,2022,1
2022-01-16 06:00:00,0.0,2022,1
2022-01-16 06:30:00,0.0,2022,1
2022-01-16 07:00:00,0.0,2022,1
2022-01-16 07:30:00,0.0,2022,1
2022-01-16 08:00:00,0.0,2022,1
2022-01-16 08:30:00,0.0,2022,1
2022-01-16 09:00:00,0.0,2022,1
2022-01-16 09:30:00,0.0,2022,1
2022-01-16 10:00:00,0.0,2022,1
2022-01-16 10:30:00,0.0,2022,1
2022-01-16 11:00:00,0.0,2022,1
2022-01-16 11:30:00,0.0,2022,1
2022-01-16 12:00:00,0.0,2022,1
2022-01-16 12:30:00,0.0,2022,1
2022-01-16 13:00:00,0.0,2022,1
2022-01-16 13:30:00,0.0,2022,1
2022-01-16 14:00:00,0.0046711408276885955,2022,1
2022-01-16 14:30:00,0.02283221342219602,2022,1
2022-01-16 15:00:00,0.2886442888503107,2022,1
2022-01-16 15:30:00,0.2886442888503107,2022,1
2022-01-16 16:00:00,0.34276509637000585,2022,1
2022-01-16 16:30:00,0.10767784992720457,2022,1
2022-01-16 17:00:00,0.030966441428301322,2022,1
2022-01-16 17:30:00,0.04075167610141255,2022,1
2022-01-16 18:00:00,0.25264429630049123,2022,1
2022-01-16 18:30:00,0.17604026179635687,2022,1
2022-01-16 19:00:00,0.0066845635939764515,2022,1
2022-01-16 19:30:00,0.0,2022,1
2022-01-16 20:00:00,0.0,2022,1
2022-01-16 20:30:00,0.0,2022,1
2022-01-16 21:00:00,0.0,2022,1
2022-01-16 21:30:00,0.0,2022,1
2022-01-16 22:00:00,0.0,2022,1
2022-01-16 22:30:00,0.0,2022,1
2022-01-16 23:00:00,0.0,2022,1
2022-01-16 23:30:00,0.0,2022,1
2022-01-17 00:00:00,0.0,2022,1
2022-01-17 00:30:00,0.0,2022,1
2022-01-17 01:00:00,0.0,2022,1
2022-01-17 01:30:00,0.0,2022,1
2022-01-17 02:00:00,0.0,2022,1
2022-01-17 02:30:00,0.0,2022,1
2022-01-17 03:00:00,0.0,2022,1
2022-01-17 03:30:00,0.0,2022,1
2022-01-17 04:00:00,0.0,2022,1
2022-01-17 04:30:00,0.0,2022,1
2022-01-17 05:00:00,0.0,2022,1
2022-01-17 05:30:00,0.0,2022,1
2022-01-17 06:00:00,0.0,2022,1
2022-01-17 06:30:00,0.0,2022,1
2022-01-17 07:00:00,0.030604025716549594,2022,1
2022-01-17 07:30:00,0.014013422505567539,2022,1
2022-01-17 08:00:00,0.0,2022,1
2022-01-17 08:30:00,0.0,2022,1
2022-01-17 09:00:00,0.019355703875322473,2022,1
2022-01-17 09:30:00,0.0,2022,1
2022-01-17 10:00:00,0.02198657649475456,2022,1
2022-01-17 10:30:00,0.02150335477902585,2022,1
2022-01-17 11:00:00,0.0,2022,1
2022-01-17 11:30:00,0.0,2022,1
2022-01-17 12:00:00,0.0034228186979389833,2022,1
2022-01-17 12:30:00,0.0,2022,1
2022-01-17 13:00:00,0.0,2022,1
2022-01-17 13:30:00,0.0,2022,1
2022-01-17 14:00:00,0.0,2022,1
2022-01-17 14:30:00,0.0,2022,1
2022-01-17 15:00:00,0.0,2022,1
2022-01-17 15:30:00,0.0,2022,1
2022-01-17 16:00:00,0.0008456375574905601,2022,1
2022-01-17 16:30:00,0.0,2022,1
2022-01-17 17:00:00,0.0,2022,1
2022-01-17 17:30:00,0.15414764657116575,2022,1
2022-01-17 18:00:00,0.729973116337053,2022,1
2022-01-17 18:30:00,0.21616107513440536,2022,1
2022-01-17 19:00:00,0.0,2022,1
2022-01-17 19:30:00,0.0,2022,1
2022-01-17 20:00:00,0.004147650891502432,2022,1
2022-01-17 20:30:00,0.025758389018526017,2022,1
2022-01-17 21:00:00,0.0,2022,1
2022-01-17 21:30:00,0.0,2022,1
2022-01-17 22:00:00,0.11826845039457283,2022,1
2022-01-17 22:30:00,0.05134227881895616,2022,1
2022-01-17 23:00:00,0.0,2022,1
2022-01-17 23:30:00,0.0,2022,1
2022-01-18 00:00:00,0.0,2022,1
2022-01-18 00:30:00,0.007275167427607032,2022,1
2022-01-18 01:00:00,0.0013020133937165243,2022,1
2022-01-18 01:30:00,0.02343624060185964,2022,1
2022-01-18 02:00:00,0.0637986550795152,2022,1
2022-01-18 02:30:00,0.08181208148098633,2022,1
2022-01-18 03:00:00,0.10416106761701956,2022,1
2022-01-18 03:30:00,0.12369127361566429,2022,1
2022-01-18 04:00:00,0.12369127361566429,2022,1
2022-01-18 04:30:00,0.12369127361566429,2022,1
2022-01-18 05:00:00,0.0242281876154394,2022,1
2022-01-18 05:30:00,0.0242281876154394,2022,1
2022-01-18 06:00:00,0.0242281876154394,2022,1
2022-01-18 06:30:00,0.1184026777344262,2022,1
2022-01-18 07:00:00,0.006375838926174497,2022,1
2022-01-18 07:30:00,0.029865771812080538,2022,1
2022-01-18 08:00:00,0.03703355733180206,2022,1
2022-01-18 08:30:00,0.04420134285152359,2022,1
2022-01-18 09:00:00,0.0,2022,1
2022-01-18 09:30:00,0.0,2022,1
2022-01-18 10:00:00,0.0,2022,1
2022-01-18 10:30:00,0.0,2022,1
2022-01-18 11:00:00,0.0,2022,1
2022-01-18 11:30:00,0.0,2022,1
2022-01-18 12:00:00,0.0,2022,1
2022-01-18 12:30:00,0.0,2022,1
2022-01-18 13:00:00,0.0,2022,1
2022-01-18 13:30:00,0.0,2022,1
2022-01-18 14:00:00,0.0,2022,1
2022-01-18 14:30:00,0.0,2022,1
2022-01-18 15:00:00,0.0,2022,1
2022-01-18 15:30:00,0.0,2022,1
2022-01-18 16:00:00,0.0,2022,1
2022-01-18 16:30:00,0.0,2022,1
2022-01-18 17:00:00,0.0,2022,1
2022-01-18 17:30:00,0.0,2022,1
2022-01-18 18:00:00,0.0,2022,1
2022-01-18 18:30:00,0.0,2022,1
2022-01-18 19:00:00,0.0,2022,1
2022-01-18 19:30:00,0.0,2022,1
2022-01-18 20:00:00,0.0,2022,1
2022-01-18 20:30:00,0.0,2022,1
2022-01-18 21:00:00,0.02659060306997107,2022,1
2022-01-18 21:30:00,0.0,2022,1
2022-01-18 22:00:00,0.0,2022,1
2022-01-18 22:30:00,0.0,2022,1
2022-01-18 23:00:00,0.0,2022,1
2022-01-18 23:30:00,0.0,2022,1
2022-01-19 00:00:00,0.0,2022,1
2022-01-19 00:30:00,0.0,2022,1
2022-01-19 01:00:00,0.0,2022,1
2022-01-19 01:30:00,0.0,2022,1
2022-01-19 02:00:00,0.029234898210371903,2022,1
2022-01-19 02:30:00,0.27120804470407484,2022,1
2022-01-19 03:00:00,0.0,2022,1
2022-01-19 03:30:00,0.0,2022,1
2022-01-19 04:00:00,0.10638926133213428,2022,1
2022-01-19 04:30:00,0.010201341673831812,2022,1
2022-01-19 05:00:00,0.06953019737797296,2022,1
2022-01-19 05:30:00,0.014026845941607585,2022,1
2022-01-19 06:00:00,0.0,2022,1
2022-01-19 06:30:00,0.0,2022,1
2022-01-19 07:00:00,0.02210738158866063,2022,1
2022-01-19 07:30:00,0.0,2022,1
2022-01-19 08:00:00,0.003342281811989394,2022,1
2022-01-19 08:30:00,0.0,2022,1
2022-01-19 09:00:00,0.0,2022,1
2022-01-19 09:30:00,0.0,2022,1
2022-01-19 10:00:00,0.0,2022,1
2022-01-19 10:30:00,0.02150335477902585,2022,1
2022-01-19 11:00:00,0.09570469352222928,2022,1
2022-01-19 11:30:00,0.0,2022,1
2022-01-19 12:00:00,0.010510066796669224,2022,1
2022-01-19 12:30:00,0.0963624107757671,2022,1
2022-01-19 13:00:00,0.0002550335513465357,2022,1
2022-01-19 13:30:00,0.0,2022,1
2022-01-19 14:00:00,0.0902684514954586,2022,1
2022-01-19 14:30:00,0.09213422768868057,2022,1
2022-01-19 15:00:00,0.0,2022,1
2022-01-19 15:30:00,0.0,2022,1
2022-01-19 16:00:00,0.0,2022,1
2022-01-19 16:30:00,0.0,2022,1
2022-01-19 17:00:00,0.00016107382190307516,2022,1
2022-01-19 17:30:00,0.0007248321835626692,2022,1
2022-01-19 18:00:00,0.000966442931418451,2022,1
2022-01-19 18:30:00,0.07473825552319521,2022,1
2022-01-19 19:00:00,0.10567785033443632,2022,1
2022-01-19 19:30:00,0.007906040329261114,2022,1
2022-01-19 20:00:00,0.7134764643723533,2022,1
2022-01-19 20:30:00,0.0,2022,1
2022-01-19 21:00:00,0.0,2022,1
2022-01-19 21:30:00,0.0,2022,1
2022-01-19 22:00:00,0.0,2022,1
2022-01-19 22:30:00,0.0,2022,1
2022-01-19 23:00:00,0.009181207938482297,2022,1
2022-01-19 23:30:00,0.019973154516028078,2022,1
2022-01-20 00:00:00,0.019973154516028078,2022,1
2022-01-20 00:30:00,0.010469798273688196,2022,1
2022-01-20 01:00:00,0.2784966283196571,2022,1
2022-01-20 01:30:00,0.014147650355460662,2022,1
2022-01-20 02:00:00,0.0,2022,1
2022-01-20 02:30:00,0.0,2022,1
2022-01-20 03:00:00,0.0,2022,1
2022-01-20 03:30:00,0.12720804840526326,2022,1
2022-01-20 04:00:00,0.16037583373136968,2022,1
2022-01-20 04:30:00,0.18691274709749542,2022,1
2022-01-20 05:00:00,0.23849664054460976,2022,1
2022-01-20 05:30:00,0.16377180576724495,2022,1
2022-01-20 06:00:00,0.10275167630822868,2022,1
2022-01-20 06:30:00,0.0995973102798398,2022,1
2022-01-20 07:00:00,0.10852349031991608,2022,1
2022-01-20 07:30:00,0.13001341827763807,2022,1
2022-01-20 08:00:00,0.09386576702130722,2022,1
2022-01-20 08:30:00,0.029275167708428917,2022,1
2022-01-20 09:00:00,0.02213422727314818,2022,1
2022-01-20 09:30:00,0.028375838899472417,2022,1
2022-01-20 10:00:00,0.031248321449196582,2022,1
2022-01-20 10:30:00,0.0,2022,1
2022-01-20 11:00:00,0.0,2022,1
2022-01-20 11:30:00,0.0,2022,1
2022-01-20 12:00:00,0.0,2022,1
2022-01-20 12:30:00,0.0,2022,1
2022-01-20 13:00:00,0.042577181566481624,2022,1
2022-01-20 13:30:00,0.02955704617420299,2022,1
2022-01-20 14:00:00,0.09347650844778792,2022,1
2022-01-20 14:30:00,0.09347650844778792,2022,1
2022-01-20 15:00:00,0.09453690988105418,2022,1
2022-01-20 15:30:00,0.0911409380451945,2022,1
2022-01-20 16:00:00,0.0755167763505206,2022,1
2022-01-20 16:30:00,0.05208053380850978,2022,1
2022-01-20 17:00:00,0.053382549869934195,2022,1
2022-01-20 17:30:00,0.01171812030092982,2022,1
2022-01-20 18:00:00,0.0039060401811495727,2022,1
2022-01-20 18:30:00,0.0,2022,1
2022-01-20 19:00:00,0.0,2022,1
2022-01-20 19:30:00,0.0,2022,1
2022-01-20 20:00:00,0.0,2022,1
2022-01-20 20:30:00,0.0,2022,1
2022-01-20 21:00:00,0.0,2022,1
2022-01-20 21:30:00,0.0,2022,1
2022-01-20 22:00:00,0.0,2022,1
2022-01-20 22:30:00,0.0,2022,1
2022-01-20 23:00:00,0.0,2022,1
2022-01-20 23:30:00,0.0,2022,1
2022-01-21 00:00:00,0.0,2022,1
2022-01-21 00:30:00,0.0,2022,1
2022-01-21 01:00:00,0.0,2022,1
2022-01-21 01:30:00,0.0,2022,1
2022-01-21 02:00:00,0.0,2022,1
2022-01-21 02:30:00,0.0,2022,1
2022-01-21 03:00:00,0.0,2022,1
2022-01-21 03:30:00,0.0,2022,1
2022-01-21 04:00:00,0.0,2022,1
2022-01-21 04:30:00,0.0,2022,1
2022-01-21 05:00:00,0.0,2022,1
2022-01-21 05:30:00,0.0,2022,1
2022-01-21 06:00:00,0.0,2022,1
2022-01-21 06:30:00,0.0,2022,1
2022-01-21 07:00:00,0.0,2022,1
2022-01-21 07:30:00,0.0,2022,1
2022-01-21 08:00:00,0.0,2022,1
2022-01-21 08:30:00,0.0,2022,1
2022-01-21 09:00:00,0.0,2022,1
2022-01-21 09:30:00,0.0,2022,1
2022-01-21 10:00:00,0.0,2022,1
2022-01-21 10:30:00,0.0,2022,1
2022-01-21 11:00:00,0.0,2022,1
2022-01-21 11:30:00,0.0,2022,1
2022-01-21 12:00:00,0.0,2022,1
2022-01-21 12:30:00,0.0,2022,1
2022-01-21 13:00:00,0.0,2022,1
2022-01-21 13:30:00,0.11912751677852348,2022,1
2022-01-21 14:00:00,0.22335570366590618,2022,1
2022-01-21 14:30:00,0.11587919276832735,2022,1
2022-01-21 15:00:00,0.02269798621235278,2022,1
2022-01-21 15:30:00,0.0,2022,1
2022-01-21 16:00:00,0.009436241732347733,2022,1
2022-01-21 16:30:00,0.0,2022,1
2022-01-21 17:00:00,0.0,2022,1
2022-01-21 17:30:00,0.03225503127846942,2022,1
2022-01-21 18:00:00,0.021892616322776618,2022,1
2022-01-21 18:30:00,0.05534228086471558,2022,1
2022-01-21 19:00:00,4.026845547576879e-05,2022,1
2022-01-21 19:30:00,0.0,2022,1
2022-01-21 20:00:00,0.0,2022,1
2022-01-21 20:30:00,0.0,2022,1
2022-01-21 21:00:00,0.0025771811504492026,2022,1
2022-01-21 21:30:00,0.0010469798423699886,2022,1
2022-01-21 22:00:00,0.05512751368868271,2022,1
2022-01-21 22:30:00,0.11718120390936834,2022,1
2022-01-21 23:00:00,0.05057717935750949,2022,1
2022-01-21 23:30:00,0.0,2022,1
2022-01-22 00:00:00,0.0,2022,1
2022-01-22 00:30:00,0.0,2022,1
2022-01-22 01:00:00,0.0,2022,1
2022-01-22 01:30:00,0.0,2022,1
2022-01-22 02:00:00,0.0,2022,1
2022-01-22 02:30:00,0.0,2022,1
2022-01-22 03:00:00,0.0,2022,1
2022-01-22 03:30:00,0.045020132576859245,2022,1
2022-01-22 04:00:00,0.1726174488963697,2022,1
2022-01-22 04:30:00,0.16738254657927776,2022,1
2022-01-22 05:00:00,0.13540939100636734,2022,1
2022-01-22 05:30:00,0.026926173514767785,2022,1
2022-01-22 06:00:00,0.015060402272931683,2022,1
2022-01-22 06:30:00,0.0014765100591134705,2022,1
2022-01-22 07:00:00,0.002818791858301867,2022,1
2022-01-22 07:30:00,0.04965100448403583,2022,1
2022-01-22 08:00:00,0.18397315320552596,2022,1
2022-01-22 08:30:00,0.15213422727264814,2022,1
2022-01-22 09:00:00,0.0,2022,1
2022-01-22 09:30:00,0.0,2022,1
2022-01-22 10:00:00,0.0,2022,1
2022-01-22 10:30:00,0.0,2022,1
2022-01-22 11:00:00,0.0,2022,1
2022-01-22 11:30:00,0.003624160817805553,2022,1
2022-01-22 12:00:00,0.0,2022,1
2022-01-22 12:30:00,0.0,2022,1
2022-01-22 13:00:00,0.0,2022,1
2022-01-22 13:30:00,0.05855033679696538,2022,1
2022-01-22 14:00:00,0.4195301928776223,2022,1
2022-01-22 14:30:00,0.20390604010364355,2022,1
2022-01-22 15:00:00,0.0,2022,1
2022-01-22 15:30:00,0.0,2022,1
2022-01-22 16:00:00,0.02734228102552811,2022,1
2022-01-22 16:30:00,0.0,2022,1
2022-01-22 17:00:00,0.10416106761701956,2022,1
2022-01-22 17:30:00,0.24236241923082597,2022,1
2022-01-22 18:00:00,0.18871141168095124,2022,1
2022-01-22 18:30:00,0.0,2022,1
2022-01-22 19:00:00,0.010456375747719068,2022,1
2022-01-22 19:30:00,0.03744966281740457,2022,1
2022-01-22 20:00:00,0.0,2022,1
2022-01-22 20:30:00,0.0,2022,1
2022-01-22 21:00:00,0.0,2022,1
2022-01-22 21:30:00,0.0,2022,1
2022-01-22 22:00:00,0.008590603834830676,2022,1
2022-01-22 22:30:00,0.0,2022,1
2022-01-22 23:00:00,0.0,2022,1
2022-01-22 23:30:00,0.0,2022,1
2022-01-23 00:00:00,0.004295301917415338,2022,1
2022-01-23 00:30:00,0.0,2022,1
2022-01-23 01:00:00,0.0,2022,1
2022-01-23 01:30:00,0.0,2022,1
2022-01-23 02:00:00,0.0,2022,1
2022-01-23 02:30:00,0.0,2022,1
2022-01-23 03:00:00,0.0,2022,1
2022-01-23 03:30:00,0.0,2022,1
2022-01-23 04:00:00,0.0,2022,1
2022-01-23 04:30:00,0.04817449726514369,2022,1
2022-01-23 05:00:00,0.25179866096317366,2022,1
2022-01-23 05:30:00,0.19651006096161452,2022,1
2022-01-23 06:00:00,0.013718120498745233,2022,1
2022-01-23 06:30:00,0.005530201218672247,2022,1
2022-01-23 07:00:00,0.0,2022,1
2022-01-23 07:30:00,0.0,2022,1
2022-01-23 08:00:00,0.0,2022,1
2022-01-23 08:30:00,0.0,2022,1
2022-01-23 09:00:00,0.002550335538467305,2022,1
2022-01-23 09:30:00,0.0,2022,1
2022-01-23 10:00:00,0.0,2022,1
2022-01-23 10:30:00,0.0,2022,1
2022-01-23 11:00:00,0.0,2022,1
2022-01-23 11:30:00,0.0,2022,1
2022-01-23 12:00:00,0.0,2022,1
2022-01-23 12:30:00,0.0,2022,1
2022-01-23 13:00:00,0.03245637608854563,2022,1
2022-01-23 13:30:00,0.08899328484631226,2022,1
2022-01-23 14:00:00,0.16332885306953587,2022,1
2022-01-23 14:30:00,0.18242953119411967,2022,1
2022-01-23 15:00:00,0.16373154142959007,2022,1
2022-01-23 15:30:00,0.17191945954457227,2022,1
2022-01-23 16:00:00,0.02343624060185964,2022,1
2022-01-23 16:30:00,0.038308724018451354,2022,1
2022-01-23 17:00:00,0.13191945879351374,2022,1
2022-01-23 17:30:00,0.11718120494944938,2022,1
2022-01-23 18:00:00,0.14720805306862667,2022,1
2022-01-23 18:30:00,0.05809395815802101,2022,1
2022-01-23 19:00:00,0.5735435996279621,2022,1
2022-01-23 19:30:00,0.5415704687169736,2022,1
2022-01-23 20:00:00,0.5140134030540519,2022,1
2022-01-23 20:30:00,0.49569125687515975,2022,1
2022-01-23 21:00:00,0.3482147459215766,2022,1
2022-01-23 21:30:00,0.18782549500465398,2022,1
2022-01-23 22:00:00,0.08589261376217708,2022,1
2022-01-23 22:30:00,0.0,2022,1
2022-01-23 23:00:00,0.0,2022,1
2022-01-23 23:30:00,0.0,2022,1
2022-01-24 00:00:00,0.0,2022,1
2022-01-24 00:30:00,0.0,2022,1
2022-01-24 01:00:00,0.0,2022,1
2022-01-24 01:30:00,0.0,2022,1
2022-01-24 02:00:00,0.0,2022,1
2022-01-24 02:30:00,0.002818791898304984,2022,1
2022-01-24 03:00:00,0.004550335551268303,2022,1
2022-01-24 03:30:00,0.004429530297349764,2022,1
2022-01-24 04:00:00,0.10685905474144342,2022,1
2022-01-24 04:30:00,0.11354361812540348,2022,1
2022-01-24 05:00:00,0.0888456367006238,2022,1
2022-01-24 05:30:00,0.06370469909786379,2022,1
2022-01-24 06:00:00,0.039248322635489025,2022,1
2022-01-24 06:30:00,0.06072483046742894,2022,1
2022-01-24 07:00:00,0.19457717955912518,2022,1
2022-01-24 07:30:00,0.19578523629863792,2022,1
2022-01-24 08:00:00,0.0,2022,1
2022-01-24 08:30:00,0.0,2022,1
2022-01-24 09:00:00,0.0,2022,1
2022-01-24 09:30:00,0.0,2022,1
2022-01-24 10:00:00,0.0,2022,1
2022-01-24 10:30:00,0.0,2022,1
2022-01-24 11:00:00,0.0,2022,1
2022-01-24 11:30:00,0.0,2022,1
2022-01-24 12:00:00,0.0,2022,1
2022-01-24 12:30:00,0.0,2022,1
2022-01-24 13:00:00,0.0,2022,1
2022-01-24 13:30:00,0.0,2022,1
2022-01-24 14:00:00,0.0,2022,1
2022-01-24 14:30:00,0.0,2022,1
2022-01-24 15:00:00,0.0,2022,1
2022-01-24 15:30:00,0.0,2022,1
2022-01-24 16:00:00,0.0,2022,1
2022-01-24 16:30:00,0.0,2022,1
2022-01-24 17:00:00,0.0411677851472925,2022,1
2022-01-24 17:30:00,0.005704697859067244,2022,1
2022-01-24 18:00:00,0.0,2022,1
2022-01-24 18:30:00,0.0,2022,1
2022-01-24 19:00:00,0.0,2022,1
2022-01-24 19:30:00,0.0017315435329539662,2022,1
2022-01-24 20:00:00,0.0,2022,1
2022-01-24 20:30:00,0.0019731542808097483,2022,1
2022-01-24 21:00:00,0.0,2022,1
2022-01-24 21:30:00,0.07229530279268355,2022,1
2022-01-24 22:00:00,0.06418791693329012,2022,1
2022-01-24 22:30:00,0.0004429530177340412,2022,1
2022-01-24 23:00:00,0.00016107382190307516,2022,1
2022-01-24 23:30:00,0.0,2022,1
2022-01-25 00:00:00,0.02295301942617301,2022,1
2022-01-25 00:30:00,0.0,2022,1
2022-01-25 01:00:00,0.013033556978174505,2022,1
2022-01-25 01:30:00,0.0,2022,1
2022-01-25 02:00:00,0.15336911774321693,2022,1
2022-01-25 02:30:00,0.18026844767116063,2022,1
2022-01-25 03:00:00,0.04828187765291073,2022,1
2022-01-25 03:30:00,0.002322147599102667,2022,1
2022-01-25 04:00:00,0.0,2022,1
2022-01-25 04:30:00,0.0,2022,1
2022-01-25 05:00:00,0.0,2022,1
2022-01-25 05:30:00,0.0,2022,1
2022-01-25 06:00:00,0.0,2022,1
2022-01-25 06:30:00,0.0,2022,1
2022-01-25 07:00:00,0.0,2022,1
2022-01-25 07:30:00,0.0,2022,1
2022-01-25 08:00:00,0.0,2022,1
2022-01-25 08:30:00,0.0,2022,1
2022-01-25 09:00:00,0.0,2022,1
2022-01-25 09:30:00,0.0,2022,1
2022-01-25 10:00:00,0.0,2022,1
2022-01-25 10:30:00,0.0,2022,1
2022-01-25 11:00:00,0.0,2022,1
2022-01-25 11:30:00,0.0,2022,1
2022-01-25 12:00:00,0.0,2022,1
2022-01-25 12:30:00,0.0,2022,1
2022-01-25 13:00:00,0.0,2022,1
2022-01-25 13:30:00,0.0007248321835626692,2022,1
2022-01-25 14:00:00,0.03495301768283716,2022,1
2022-01-25 14:30:00,0.19242952189989537,2022,1
2022-01-25 15:00:00,0.13310066293550019,2022,1
2022-01-25 15:30:00,0.16324831415342805,2022,1
2022-01-25 16:00:00,0.170536912047623,2022,1
2022-01-25 16:30:00,0.17399999599328778,2022,1
2022-01-25 17:00:00,0.09502013195681092,2022,1
2022-01-25 17:30:00,0.07177180999877468,2022,1
2022-01-25 18:00:00,0.10601341849905532,2022,1
2022-01-25 18:30:00,0.7986040096704992,2022,1
2022-01-25 19:00:00,0.23757046513609442,2022,1
2022-01-25 19:30:00,0.0,2022,1
2022-01-25 20:00:00,0.0,2022,1
2022-01-25 20:30:00,0.0,2022,1
2022-01-25 21:00:00,0.0,2022,1
2022-01-25 21:30:00,0.06884563757269176,2022,1
2022-01-25 22:00:00,0.0004026845547576879,2022,1
2022-01-25 22:30:00,0.0,2022,1
2022-01-25 23:00:00,0.0,2022,1
2022-01-25 23:30:00,0.0,2022,1
2022-01-26 00:00:00,0.0,2022,1
2022-01-26 00:30:00,0.0,2022,1
2022-01-26 01:00:00,0.0,2022,1
2022-01-26 01:30:00,0.0,2022,1
2022-01-26 02:00:00,0.0,2022,1
2022-01-26 02:30:00,0.0,2022,1
2022-01-26 03:00:00,0.0,2022,1
2022-01-26 03:30:00,0.0,2022,1
2022-01-26 04:00:00,0.0,2022,1
2022-01-26 04:30:00,0.0,2022,1
2022-01-26 05:00:00,0.0,2022,1
2022-01-26 05:30:00,0.0,2022,1
2022-01-26 06:00:00,0.0011275167533215263,2022,1
2022-01-26 06:30:00,0.0008859060354680824,2022,1
2022-01-26 07:00:00,0.0,2022,1
2022-01-26 07:30:00,0.0,2022,1
2022-01-26 08:00:00,0.0,2022,1
2022-01-26 08:30:00,0.0,2022,1
2022-01-26 09:00:00,0.0,2022,1
2022-01-26 09:30:00,0.0,2022,1
2022-01-26 10:00:00,0.0,2022,1
2022-01-26 10:30:00,0.0,2022,1
2022-01-26 11:00:00,0.0,2022,1
2022-01-26 11:30:00,0.0,2022,1
2022-01-26 12:00:00,0.0,2022,1
2022-01-26 12:30:00,0.0,2022,1
2022-01-26 13:00:00,0.0,2022,1
2022-01-26 13:30:00,0.0,2022,1
2022-01-26 14:00:00,0.0,2022,1
2022-01-26 14:30:00,0.0,2022,1
2022-01-26 15:00:00,0.0,2022,1
2022-01-26 15:30:00,0.0,2022,1
2022-01-26 16:00:00,0.0,2022,1
2022-01-26 16:30:00,0.0,2022,1
2022-01-26 17:00:00,0.0,2022,1
2022-01-26 17:30:00,0.0,2022,1
2022-01-26 18:00:00,0.0,2022,1
2022-01-26 18:30:00,0.0,2022,1
2022-01-26 19:00:00,0.0,2022,1
2022-01-26 19:30:00,0.0,2022,1
2022-01-26 20:00:00,0.0,2022,1
2022-01-26 20:30:00,0.0,2022,1
2022-01-26 21:00:00,0.0,2022,1
2022-01-26 21:30:00,0.0,2022,1
2022-01-26 22:00:00,0.0,2022,1
2022-01-26 22:30:00,0.0,2022,1
2022-01-26 23:00:00,0.0,2022,1
2022-01-26 23:30:00,0.0,2022,1
2022-01-27 00:00:00,0.0,2022,1
2022-01-27 00:30:00,0.0,2022,1
2022-01-27 01:00:00,0.0,2022,1
2022-01-27 01:30:00,0.0,2022,1
2022-01-27 02:00:00,0.0,2022,1
2022-01-27 02:30:00,0.0,2022,1
2022-01-27 03:00:00,0.00012080536642730638,2022,1
2022-01-27 03:30:00,0.0,2022,1
2022-01-27 04:00:00,0.0018523489068818571,2022,1
2022-01-27 04:30:00,0.0016107381590260757,2022,1
2022-01-27 05:00:00,0.0014899329051075367,2022,1
2022-01-27 05:30:00,0.0,2022,1
2022-01-27 06:00:00,0.0,2022,1
2022-01-27 06:30:00,0.0,2022,1
2022-01-27 07:00:00,0.0,2022,1
2022-01-27 07:30:00,0.0,2022,1
2022-01-27 08:00:00,0.0,2022,1
2022-01-27 08:30:00,0.0,2022,1
2022-01-27 09:00:00,0.0,2022,1
2022-01-27 09:30:00,0.0,2022,1
2022-01-27 10:00:00,0.0,2022,1
2022-01-27 10:30:00,0.0,2022,1
2022-01-27 11:00:00,0.0,2022,1
2022-01-27 11:30:00,0.0,2022,1
2022-01-27 12:00:00,0.0,2022,1
2022-01-27 12:30:00,0.0,2022,1
2022-01-27 13:00:00,0.0,2022,1
2022-01-27 13:30:00,0.0,2022,1
2022-01-27 14:00:00,0.00024161073285461276,2022,1
2022-01-27 14:30:00,4.026845547576879e-05,2022,1
2022-01-27 15:00:00,0.0006040268096347783,2022,1
2022-01-27 15:30:00,0.0008456375574905601,2022,1
2022-01-27 16:00:00,0.0008456375574905601,2022,1
2022-01-27 16:30:00,0.0008456375574905601,2022,1
2022-01-27 17:00:00,0.0,2022,1
2022-01-27 17:30:00,0.0,2022,1
2022-01-27 18:00:00,0.0,2022,1
2022-01-27 18:30:00,0.00024161073285461276,2022,1
2022-01-27 19:00:00,0.00012080536642730638,2022,1
2022-01-27 19:30:00,0.0018523489068818571,2022,1
2022-01-27 20:00:00,0.002214765148674882,2022,1
2022-01-27 20:30:00,0.0018523489068818571,2022,1
2022-01-27 21:00:00,0.0,2022,1
2022-01-27 21:30:00,0.0,2022,1
2022-01-27 22:00:00,0.0,2022,1
2022-01-27 22:30:00,0.0,2022,1
2022-01-27 23:00:00,0.0,2022,1
2022-01-27 23:30:00,0.0,2022,1
2022-01-28 00:00:00,0.0004832214657092255,2022,1
2022-01-28 00:30:00,0.00012080536642730638,2022,1
2022-01-28 01:00:00,0.0006040268096347783,2022,1
2022-01-28 01:30:00,0.0006040268096347783,2022,1
2022-01-28 02:00:00,0.0,2022,1
2022-01-28 02:30:00,0.0,2022,1
2022-01-28 03:00:00,0.0004832214657092255,2022,1
2022-01-28 03:30:00,0.0,2022,1
2022-01-28 04:00:00,0.0025771811504492026,2022,1
2022-01-28 04:30:00,0.0034228186479350864,2022,1
2022-01-28 05:00:00,0.0006040268096347783,2022,1
2022-01-28 05:30:00,0.0,2022,1
2022-01-28 06:00:00,0.0,2022,1
2022-01-28 06:30:00,0.0,2022,1
2022-01-28 07:00:00,0.0,2022,1
2022-01-28 07:30:00,0.0,2022,1
2022-01-28 08:00:00,0.0,2022,1
2022-01-28 08:30:00,0.0,2022,1
2022-01-28 09:00:00,0.0,2022,1
2022-01-28 09:30:00,0.0,2022,1
2022-01-28 10:00:00,0.0,2022,1
2022-01-28 10:30:00,0.0,2022,1
2022-01-28 11:00:00,0.0,2022,1
2022-01-28 11:30:00,0.0,2022,1
2022-01-28 12:00:00,0.0,2022,1
2022-01-28 12:30:00,0.0,2022,1
2022-01-28 13:00:00,0.0,2022,1
2022-01-28 13:30:00,0.0,2022,1
2022-01-28 14:00:00,0.0,2022,1
2022-01-28 14:30:00,0.0,2022,1
2022-01-28 15:00:00,0.0,2022,1
2022-01-28 15:30:00,0.0,2022,1
2022-01-28 16:00:00,0.0,2022,1
2022-01-28 16:30:00,0.0,2022,1
2022-01-28 17:00:00,0.0,2022,1
2022-01-28 17:30:00,0.0,2022,1
2022-01-28 18:00:00,0.0,2022,1
2022-01-28 18:30:00,0.0,2022,1
2022-01-28 19:00:00,0.0,2022,1
2022-01-28 19:30:00,0.0,2022,1
2022-01-28 20:00:00,0.0,2022,1
2022-01-28 20:30:00,0.0,2022,1
2022-01-28 21:00:00,0.0,2022,1
2022-01-28 21:30:00,0.0,2022,1
2022-01-28 22:00:00,0.0,2022,1
2022-01-28 22:30:00,0.0,2022,1
2022-01-28 23:00:00,0.0,2022,1
2022-01-28 23:30:00,0.0,2022,1
2022-01-29 00:00:00,0.0,2022,1
2022-01-29 00:30:00,0.0,2022,1
2022-01-29 01:00:00,0.0,2022,1
2022-01-29 01:30:00,0.10194630450850366,2022,1
2022-01-29 02:00:00,0.1726845602861187,2022,1
2022-01-29 02:30:00,0.2908321993863023,2022,1
2022-01-29 03:00:00,0.2939731391084275,2022,1
2022-01-29 03:30:00,0.19782550184918732,2022,1
2022-01-29 04:00:00,0.09900671015649834,2022,1
2022-01-29 04:30:00,0.0,2022,1
2022-01-29 05:00:00,0.0,2022,1
2022-01-29 05:30:00,0.0,2022,1
2022-01-29 06:00:00,0.0,2022,1
2022-01-29 06:30:00,0.0,2022,1
2022-01-29 07:00:00,0.0,2022,1
2022-01-29 07:30:00,0.0,2022,1
2022-01-29 08:00:00,0.0,2022,1
2022-01-29 08:30:00,0.0,2022,1
2022-01-29 09:00:00,0.0,2022,1
2022-01-29 09:30:00,0.0,2022,1
2022-01-29 10:00:00,0.0,2022,1
2022-01-29 10:30:00,0.0,2022,1
2022-01-29 11:00:00,0.0,2022,1
2022-01-29 11:30:00,0.0,2022,1
2022-01-29 12:00:00,0.0,2022,1
2022-01-29 12:30:00,0.0,2022,1
2022-01-29 13:00:00,0.0,2022,1
2022-01-29 13:30:00,0.0,2022,1
2022-01-29 14:00:00,0.0,2022,1
2022-01-29 14:30:00,0.0,2022,1
2022-01-29 15:00:00,0.0,2022,1
2022-01-29 15:30:00,0.0,2022,1
2022-01-29 16:00:00,0.0,2022,1
2022-01-29 16:30:00,0.20416106165655507,2022,1
2022-01-29 17:00:00,0.0,2022,1
2022-01-29 17:30:00,0.0,2022,1
2022-01-29 18:00:00,0.0,2022,1
2022-01-29 18:30:00,0.0,2022,1
2022-01-29 19:00:00,0.0,2022,1
2022-01-29 19:30:00,0.0,2022,1
2022-01-29 20:00:00,0.0,2022,1
2022-01-29 20:30:00,0.0,2022,1
2022-01-29 21:00:00,0.0,2022,1
2022-01-29 21:30:00,0.0,2022,1
2022-01-29 22:00:00,0.0,2022,1
2022-01-29 22:30:00,0.0,2022,1
2022-01-29 23:00:00,0.0,2022,1
2022-01-29 23:30:00,0.0,2022,1
2022-01-30 00:00:00,0.0,2022,1
2022-01-30 00:30:00,0.0,2022,1
2022-01-30 01:00:00,0.0,2022,1
2022-01-30 01:30:00,0.0,2022,1
2022-01-30 02:00:00,0.0007248321835626692,2022,1
2022-01-30 02:30:00,0.0007248321835626692,2022,1
2022-01-30 03:00:00,0.0013691275311796458,2022,1
2022-01-30 03:30:00,0.0,2022,1
2022-01-30 04:00:00,0.0,2022,1
2022-01-30 04:30:00,0.0,2022,1
2022-01-30 05:00:00,0.07087247899714733,2022,1
2022-01-30 05:30:00,0.0,2022,1
2022-01-30 06:00:00,0.0,2022,1
2022-01-30 06:30:00,0.0,2022,1
2022-01-30 07:00:00,0.0,2022,1
2022-01-30 07:30:00,0.0,2022,1
2022-01-30 08:00:00,0.0,2022,1
2022-01-30 08:30:00,0.0,2022,1
2022-01-30 09:00:00,0.0,2022,1
2022-01-30 09:30:00,0.0,2022,1
2022-01-30 10:00:00,0.0,2022,1
2022-01-30 10:30:00,0.0,2022,1
2022-01-30 11:00:00,0.0,2022,1
2022-01-30 11:30:00,0.10790604034926268,2022,1
2022-01-30 12:00:00,0.0,2022,1
2022-01-30 12:30:00,0.0,2022,1
2022-01-30 13:00:00,0.0,2022,1
2022-01-30 13:30:00,0.0,2022,1
2022-01-30 14:00:00,0.0,2022,1
2022-01-30 14:30:00,0.0,2022,1
2022-01-30 15:00:00,0.0,2022,1
2022-01-30 15:30:00,0.0,2022,1
2022-01-30 16:00:00,0.0,2022,1
2022-01-30 16:30:00,0.0,2022,1
2022-01-30 17:00:00,0.0,2022,1
2022-01-30 17:30:00,0.0,2022,1
2022-01-30 18:00:00,0.0,2022,1
2022-01-30 18:30:00,0.0,2022,1
2022-01-30 19:00:00,0.0,2022,1
2022-01-30 19:30:00,0.0,2022,1
2022-01-30 20:00:00,0.0,2022,1
2022-01-30 20:30:00,0.0,2022,1
2022-01-30 21:00:00,0.0,2022,1
2022-01-30 21:30:00,0.0,2022,1
2022-01-30 22:00:00,0.0,2022,1
2022-01-30 22:30:00,0.0,2022,1
2022-01-30 23:00:00,0.0,2022,1
2022-01-30 23:30:00,0.0,2022,1
2022-01-31 00:00:00,0.0,2022,1
2022-01-31 00:30:00,0.0,2022,1
2022-01-31 01:00:00,0.0,2022,1
2022-01-31 01:30:00,0.0,2022,1
2022-01-31 02:00:00,0.0,2022,1
2022-01-31 02:30:00,0.0,2022,1
2022-01-31 03:00:00,0.0,2022,1
2022-01-31 03:30:00,0.0,2022,1
2022-01-31 04:00:00,0.0,2022,1
2022-01-31 04:30:00,0.0,2022,1
2022-01-31 05:00:00,0.0,2022,1
2022-01-31 05:30:00,0.0,2022,1
2022-01-31 06:00:00,0.0,2022,1
2022-01-31 06:30:00,0.0,2022,1
2022-01-31 07:00:00,0.0,2022,1
2022-01-31 07:30:00,0.0,2022,1
2022-01-31 08:00:00,0.0,2022,1
2022-01-31 08:30:00,0.0,2022,1
2022-01-31 09:00:00,0.0,2022,1
2022-01-31 09:30:00,0.0,2022,1
2022-01-31 10:00:00,0.0071409396277178055,2022,1
2022-01-31 10:30:00,0.006120805232316856,2022,1
2022-01-31 11:00:00,0.02836241542092906,2022,1
2022-01-31 11:30:00,0.02836241542092906,2022,1
2022-01-31 12:00:00,0.09102013351133206,2022,1
2022-01-31 12:30:00,0.036214764006185854,2022,1
2022-01-31 13:00:00,0.035959730692357826,2022,1
2022-01-31 13:30:00,0.0,2022,1
2022-01-31 14:00:00,0.0,2022,1
2022-01-31 14:30:00,0.0,2022,1
2022-01-31 15:00:00,0.0,2022,1
2022-01-31 15:30:00,0.0,2022,1
2022-01-31 16:00:00,0.0,2022,1
2022-01-31 16:30:00,0.0,2022,1
2022-01-31 17:00:00,0.0,2022,1
2022-01-31 17:30:00,0.0,2022,1
2022-01-31 18:00:00,0.0,2022,1
2022-01-31 18:30:00,0.0,2022,1
2022-01-31 19:00:00,0.0,2022,1
2022-01-31 19:30:00,0.0,2022,1
2022-01-31 20:00:00,0.0,2022,1
2022-01-31 20:30:00,0.0,2022,1
2022-01-31 21:00:00,0.0,2022,1
2022-01-31 21:30:00,0.0,2022,1
2022-01-31 22:00:00,0.0,2022,1
2022-01-31 22:30:00,0.0,2022,1
2022-01-31 23:00:00,0.0,2022,1
2022-01-31 23:30:00,0.0,2022,1
