datetime,soil_moisture
2020-01-16,0.1595293879508972
2020-01-17,0.19599740819571765
2020-01-18,0.2324654284405381
2020-01-19,0.2590415988066425
2020-01-20,0.25484105862983286
2020-01-21,0.2506405184530232
2020-01-22,0.2576586740202011
2020-01-23,0.2646768295873789
2020-01-24,0.2716949851545568
2020-01-25,0.23788696384593228
2020-01-26,0.2040789425373077
2020-01-27,0.1921134889125824
2020-01-28,0.20011375905716255
2020-01-29,0.2081140292017427
2020-01-30,0.21611429934632287
2020-01-31,0.22411456949090303
2020-02-01,0.23211483963548318
2020-02-02,0.24011510978006334
2020-02-03,0.2481153799246435
2020-02-04,0.2097769397987078
2020-02-05,0.24868813248938076
2020-02-06,0.2875993251800537
2020-02-07,0.2775964066046014
2020-02-08,0.267593488029149
2020-02-09,0.2575905694536967
2020-02-10,0.23451208231383802
2020-02-11,0.2114335951739794
2020-02-12,0.2335008523643833
2020-02-13,0.1830419223398378
2020-02-14,0.1325829923152923
2020-02-15,0.16391929487387336
2020-02-16,0.19525559743245438
2020-02-17,0.2265918999910354
2020-02-18,0.209699968633042
2020-02-19,0.1928080372750486
2020-02-20,0.1759161059170552
2020-02-21,0.2094388510266395
2020-02-22,0.2429615961362238
2020-02-23,0.23238313272935615
2020-02-24,0.22180466932248846
2020-02-25,0.2112262059156208
2020-02-26,0.19911666755398655
2020-02-27,0.1870071291923523
2020-02-28,0.1845643917719523
2020-02-29,0.18212165435155234
2020-03-01,0.17967891693115234
2020-03-02,0.17723617951075235
2020-03-03,0.17479344209035239
2020-03-04,0.1723507046699524
2020-03-05,0.22393132746219635
2020-03-06,0.2755119502544403
2020-03-07,0.2352655380964279
2020-03-08,0.25676912814378733
2020-03-09,0.2782727181911468
2020-03-10,0.2840380171934763
2020-03-11,0.28980331619580585
2020-03-12,0.2955686151981354
2020-03-13,0.29527634382247925
2020-03-14,0.2949840724468231
2020-03-15,0.267090231180191
2020-03-16,0.2509279251098632
2020-03-17,0.2347656190395355
2020-03-18,0.2182892560958862
2020-03-19,0.20181289315223688
2020-03-20,0.1853365302085876
2020-03-21,0.21686349064111704
2020-03-22,0.2483904510736465
2020-03-23,0.2403917660315831
2020-03-24,0.2323930809895197
2020-03-25,0.2243943959474563
2020-03-26,0.21717882326476642
2020-03-27,0.20996325058207657
2020-03-28,0.2027476778993867
2020-03-29,0.22792678510081274
2020-03-30,0.2531058923022388
2020-03-31,0.2701568619845664
2020-04-01,0.253031326381311
2020-04-02,0.2359057907780556
2020-04-03,0.24438806306825925
2020-04-04,0.2528703353584629
2020-04-05,0.2613526076486666
2020-04-06,0.2373263779772471
2020-04-07,0.2133001483058276
2020-04-08,0.2421175596648699
2020-04-09,0.2596828582352154
2020-04-10,0.277248156805561
2020-04-11,0.26255280623152916
2020-04-12,0.2478574556574973
2020-04-13,0.2331621050834655
2020-04-14,0.2156935781475744
2020-04-15,0.1982250512116833
2020-04-16,0.2179360386258677
2020-04-17,0.21550429142040983
2020-04-18,0.213072544214952
2020-04-19,0.21626288570789548
2020-04-20,0.21945322720083893
2020-04-21,0.2226435686937824
2020-04-22,0.21786154522190845
2020-04-23,0.2130795217500345
2020-04-24,0.2417660068478474
2020-04-25,0.24867858711464685
2020-04-26,0.2555911673814463
2020-04-27,0.2488920149220601
2020-04-28,0.24219286246267382
2020-04-29,0.2354937100032876
2020-04-30,0.2385702370318017
2020-05-01,0.2416467640603158
2020-05-02,0.2522872750451611
2020-05-03,0.25468914782895674
2020-05-04,0.2570910206127524
2020-05-05,0.2491374793087218
2020-05-06,0.2411839380046912
2020-05-07,0.2332303967006606
2020-05-08,0.22644510865211484
2020-05-09,0.2196598206035691
2020-05-10,0.2416032846157367
2020-05-11,0.22823780104180807
2020-05-12,0.2148723174678794
2020-05-13,0.2219848621260167
2020-05-14,0.229097406784154
2020-05-15,0.2362099514422913
2020-05-16,0.22634542671202834
2020-05-17,0.2164809019817654
2020-05-18,0.24146290720822
2020-05-19,0.21732345908457856
2020-05-20,0.1931840109609371
2020-05-21,0.20279357075390628
2020-05-22,0.21240313054687543
2020-05-23,0.2220126903398446
2020-05-24,0.21282958103434102
2020-05-25,0.2036464717288374
2020-05-26,0.2300366427404764
2020-05-27,0.21432451518490445
2020-05-28,0.1986123876293325
2020-05-29,0.20633119607461464
2020-05-30,0.21405000451989675
2020-05-31,0.2217688129651789
2020-06-01,0.22801970893907714
2020-06-02,0.2342706049129754
2020-06-03,0.2149766980813988
2020-06-04,0.21999625970613584
2020-06-05,0.2250158213308729
2020-06-06,0.22973596662496842
2020-06-07,0.23445611191906396
2020-06-08,0.2391762572131595
2020-06-09,0.23542505251850693
2020-06-10,0.2316738478238544
2020-06-11,0.2476824463897161
2020-06-12,0.2595466670636737
2020-06-13,0.2714108877376312
2020-06-14,0.2713683382311231
2020-06-15,0.271325788724615
2020-06-16,0.2712832392181069
2020-06-17,0.2915112150463764
2020-06-18,0.3117391908746459
2020-06-19,0.2793658783786186
2020-06-20,0.28268747865384813
2020-06-21,0.2860090789290776
2020-06-22,0.3113366901436916
2020-06-23,0.33666430135830555
2020-06-24,0.3619919125729195
2020-06-25,0.32671597354530924
2020-06-26,0.2914400345176989
2020-06-27,0.2953745448116688
2020-06-28,0.2640855153554861
2020-06-29,0.2327964858993034
2020-06-30,0.25139624023927637
2020-07-01,0.26999599457924933
2020-07-02,0.2885957489192223
2020-07-03,0.2810123981127469
2020-07-04,0.2734290473062715
2020-07-05,0.3511499263194143
2020-07-06,0.3377365476535795
2020-07-07,0.3243231689877447
2020-07-08,0.33017320203278405
2020-07-09,0.33602323507782333
2020-07-10,0.3418732681228627
2020-07-11,0.33062845057729084
2020-07-12,0.319383633031719
2020-07-13,0.3096772284670309
2020-07-14,0.3157936995730406
2020-07-15,0.3219101706790503
2020-07-16,0.32616776023142136
2020-07-17,0.33042534978379234
2020-07-18,0.3346829393361634
2020-07-19,0.3561344785014884
2020-07-20,0.3775860176668134
2020-07-21,0.3215917084973289
2020-07-22,0.32390742010482076
2020-07-23,0.3262231317123127
2020-07-24,0.31410530104511103
2020-07-25,0.3019874703779094
2020-07-26,0.2898696397107077
2020-07-27,0.3164338764508915
2020-07-28,0.3429981131910752
2020-07-29,0.3817050142835829
2020-07-30,0.37059585388304506
2020-07-31,0.3594866934825073
2020-08-01,0.34665293787890633
2020-08-02,0.33381918227530544
2020-08-03,0.3209854266717045
2020-08-04,0.32109183266036834
2020-08-05,0.3211982386490322
2020-08-06,0.311995591124774
2020-08-07,0.3330109407723212
2020-08-08,0.3540262904198684
2020-08-09,0.3678134866835612
2020-08-10,0.381600682947254
2020-08-11,0.3953878792109468
2020-08-12,0.3697398305726996
2020-08-13,0.3440917819344524
2020-08-14,0.371821490777356
2020-08-15,0.34900465463995684
2020-08-16,0.3261878185025577
2020-08-17,0.3370466859648877
2020-08-18,0.3479055534272177
2020-08-19,0.3587644208895477
2020-08-20,0.36021998069097283
2020-08-21,0.361675540492398
2020-08-22,0.3257619004942771
2020-08-23,0.33444365542098475
2020-08-24,0.3431254103476924
2020-08-25,0.35622361423072113
2020-08-26,0.36932181811374987
2020-08-27,0.3824200219967786
2020-08-28,0.334035983236483
2020-08-29,0.2856519444761873
2020-08-30,0.3050565836975752
2020-08-31,0.30766803175867385
2020-09-01,0.3102794798197725
2020-09-02,0.3188685893137199
2020-09-03,0.3274576988076674
2020-09-04,0.3360468083016148
2020-09-05,0.3134535164534712
2020-09-06,0.2908602246053276
2020-09-07,0.2976103898187041
2020-09-08,0.28292272290294485
2020-09-09,0.2682350559871856
2020-09-10,0.26983791899528203
2020-09-11,0.27144078200337846
2020-09-12,0.2730436450114749
2020-09-13,0.25772482086792364
2020-09-14,0.2424059967243724
2020-09-15,0.2833668974349543
2020-09-16,0.28192482340994235
2020-09-17,0.2804827493849304
2020-09-18,0.2740257491624302
2020-09-19,0.26756874893993
2020-09-20,0.2611117487174298
2020-09-21,0.24020496986248416
2020-09-22,0.2192981910075385
2020-09-23,0.2257145568400227
2020-09-24,0.2386374420728452
2020-09-25,0.2515603273056677
2020-09-26,0.24953894260942858
2020-09-27,0.2475175579131895
2020-09-28,0.2454961732169504
2020-09-29,0.22299300699755575
2020-09-30,0.2004898407781611
2020-10-01,0.2377956658151574
2020-10-02,0.2289598584707189
2020-10-03,0.2201240511262804
2020-10-04,0.20836399406863057
2020-10-05,0.19660393701098072
2020-10-06,0.1848438799533309
2020-10-07,0.1915228112689078
2020-10-08,0.1982017425844847
2020-10-09,0.1887287705217688
2020-10-10,0.1892454104951582
2020-10-11,0.1897620504685476
2020-10-12,0.19212759115958797
2020-10-13,0.19449313185062833
2020-10-14,0.1968586725416687
2020-10-15,0.16848181300059878
2020-10-16,0.1401049534595289
2020-10-17,0.1786322136029415
2020-10-18,0.1713218640702081
2020-10-19,0.1640115145374747
2020-10-20,0.16416066551792688
2020-10-21,0.16430981649837903
2020-10-22,0.1644589674788312
2020-10-23,0.14832019187224887
2020-10-24,0.1321814162656665
2020-10-25,0.2108870071091064
2020-10-26,0.20344664497618106
2020-10-27,0.19600628284325572
2020-10-28,0.18856592071033038
2020-10-29,0.18112555857740503
2020-10-30,0.1736851964444797
2020-10-31,0.16624483431155435
2020-11-01,0.158804472178629
2020-11-02,0.1855270491070943
2020-11-03,0.17590639372802755
2020-11-04,0.1662857383489608
2020-11-05,0.1663179543800651
2020-11-06,0.16635017041116945
2020-11-07,0.16638238644227377
2020-11-08,0.1664146024733781
2020-11-09,0.16644681850448242
2020-11-10,0.16647903453558674
2020-11-11,0.16651125056669108
2020-11-12,0.1665434665977954
2020-11-13,0.16657568262889974
2020-11-14,0.16660789866000406
2020-11-15,0.16664011469110837
2020-11-16,0.1666723307222127
2020-11-17,0.16670454675331703
2020-11-18,0.16673676278442137
2020-11-19,0.1667689788155257
2020-11-20,0.16680119484663
2020-11-21,0.16683341087773434
2020-11-22,0.16686562690883866
2020-11-23,0.166897842939943
2020-11-24,0.16693005897104732
2020-11-25,0.16696227500215163
2020-11-26,0.16699449103325598
2020-11-27,0.1670267070643603
2020-11-28,0.16705892309546463
2020-11-29,0.16709113912656895
2020-11-30,0.16712335515767326
2020-12-01,0.1671555711887776
2020-12-02,0.16718778721988192
2020-12-03,0.16722000325098627
2020-12-04,0.16725221928209058
2020-12-05,0.1672844353131949
2020-12-06,0.16731665134429924
2020-12-07,0.16734886737540355
2020-12-08,0.1673810834065079
2020-12-09,0.1674132994376122
2020-12-10,0.16744551546871653
2020-12-11,0.16747773149982087
2020-12-12,0.16750994753092519
2020-12-13,0.16754216356202953
2020-12-14,0.16757437959313384
2020-12-15,0.16760659562423816
2020-12-16,0.1676388116553425
2020-12-17,0.16767102768644682
2020-12-18,0.16770324371755116
2020-12-19,0.16773545974865547
2020-12-20,0.1677676757797598
2020-12-21,0.16779989181086413
2020-12-22,0.16783210784196845
2020-12-23,0.1678643238730728
2020-12-24,0.1678965399041771
2020-12-25,0.16792875593528142
2020-12-26,0.16796097196638576
2020-12-27,0.16799318799749008
2020-12-28,0.16802540402859442
2020-12-29,0.16805762005969874
2020-12-30,0.16808983609080305
2020-12-31,0.1681220521219074
2021-01-01,0.1681542681530117
2021-01-02,0.16818648418411605
2021-01-03,0.16821870021522037
2021-01-04,0.16825091624632468
2021-01-05,0.16828313227742903
2021-01-06,0.16831534830853334
2021-01-07,0.16834756433963768
2021-01-08,0.168379780370742
2021-01-09,0.16841199640184631
2021-01-10,0.16844421243295066
2021-01-11,0.16847642846405497
2021-01-12,0.16850864449515932
2021-01-13,0.16854086052626363
2021-01-14,0.16857307655736795
2021-01-15,0.1686052925884723
2021-01-16,0.1686375086195766
2021-01-17,0.16866972465068095
2021-01-18,0.16870194068178526
2021-01-19,0.16873415671288958
2021-01-20,0.16876637274399392
2021-01-21,0.16879858877509824
2021-01-22,0.16883080480620258
2021-01-23,0.1688630208373069
2021-01-24,0.1688952368684112
2021-01-25,0.16892745289951555
2021-01-26,0.16895966893061987
2021-01-27,0.1689918849617242
2021-01-28,0.16902410099282852
2021-01-29,0.16905631702393284
2021-01-30,0.16908853305503718
2021-01-31,0.1691207490861415
2021-02-01,0.16915296511724584
2021-02-02,0.16918518114835016
2021-02-03,0.16921739717945447
2021-02-04,0.1692496132105588
2021-02-05,0.16928182924166313
2021-02-06,0.16931404527276747
2021-02-07,0.1693462613038718
2021-02-08,0.1693784773349761
2021-02-09,0.16941069336608044
2021-02-10,0.16944290939718476
2021-02-11,0.1694751254282891
2021-02-12,0.16950734145939342
2021-02-13,0.16953955749049773
2021-02-14,0.16957177352160208
2021-02-15,0.1696039895527064
2021-02-16,0.16963620558381073
2021-02-17,0.16966842161491505
2021-02-18,0.16970063764601936
2021-02-19,0.1697328536771237
2021-02-20,0.16976506970822802
2021-02-21,0.16979728573933237
2021-02-22,0.16982950177043668
2021-02-23,0.169861717801541
2021-02-24,0.16989393383264534
2021-02-25,0.16992614986374965
2021-02-26,0.169958365894854
2021-02-27,0.1699905819259583
2021-02-28,0.17002279795706263
2021-03-01,0.17005501398816697
2021-03-02,0.17008723001927128
2021-03-03,0.17011944605037563
2021-03-04,0.17015166208147994
2021-03-05,0.17018387811258426
2021-03-06,0.1702160941436886
2021-03-07,0.17024831017479292
2021-03-08,0.17028052620589726
2021-03-09,0.17031274223700157
2021-03-10,0.1703449582681059
2021-03-11,0.17037717429921023
2021-03-12,0.17040939033031455
2021-03-13,0.1704416063614189
2021-03-14,0.1704738223925232
2021-03-15,0.17050603842362752
2021-03-16,0.17053825445473186
2021-03-17,0.17057047048583618
2021-03-18,0.17060268651694052
2021-03-19,0.17063490254804484
2021-03-20,0.17066711857914915
2021-03-21,0.1706993346102535
2021-03-22,0.1707315506413578
2021-03-23,0.17076376667246215
2021-03-24,0.17079598270356647
2021-03-25,0.17082819873467078
2021-03-26,0.17086041476577513
2021-03-27,0.17089263079687944
2021-03-28,0.17092484682798378
2021-03-29,0.1709570628590881
2021-03-30,0.17098927889019241
2021-03-31,0.17102149492129676
2021-04-01,0.17105371095240107
2021-04-02,0.17108592698350542
2021-04-03,0.17111814301460973
2021-04-04,0.17115035904571405
2021-04-05,0.1711825750768184
2021-04-06,0.1712147911079227
2021-04-07,0.17124700713902705
2021-04-08,0.17127922317013136
2021-04-09,0.17131143920123568
2021-04-10,0.17134365523234002
2021-04-11,0.17137587126344433
2021-04-12,0.17140808729454868
2021-04-13,0.171440303325653
2021-04-14,0.18397967219352715
2021-04-15,0.1965190410614013
2021-04-16,0.2090584099292755
2021-04-17,0.22159777879714965
2021-04-18,0.2341371476650238
2021-04-19,0.276600569486618
2021-04-20,0.28705051541328425
2021-04-21,0.2975004613399505
2021-04-22,0.3002997934818267
2021-04-23,0.303099125623703
2021-04-24,0.3058984577655792
2021-04-25,0.28841300308704376
2021-04-26,0.2709275484085083
2021-04-27,0.2819056759958397
2021-04-28,0.26459818261943446
2021-04-29,0.2472906892430292
2021-04-30,0.24110340638260694
2021-05-01,0.23491612352218466
2021-05-02,0.2287288406617624
2021-05-03,0.22813171502446772
2021-05-04,0.227534589387173
2021-05-05,0.2325019438072567
2021-05-06,0.2500565778615787
2021-05-07,0.2676112119159007
2021-05-08,0.2616032590423773
2021-05-09,0.2555953061688539
2021-05-10,0.2495873532953305
2021-05-11,0.24527919614072297
2021-05-12,0.2409710389861154
2021-05-13,0.2379451860804363
2021-05-14,0.2494085897552481
2021-05-15,0.2608719934300599
2021-05-16,0.2577605445325644
2021-05-17,0.2546490956350689
2021-05-18,0.2515376467375734
2021-05-19,0.31761314076670694
2021-05-20,0.3836886347958405
2021-05-21,0.2693941461015072
2021-05-22,0.2735671053914463
2021-05-23,0.2777400646813854
2021-05-24,0.26542267621564186
2021-05-25,0.25310528774989827
2021-05-26,0.2407878992841547
2021-05-27,0.2500386777333151
2021-05-28,0.2592894561824755
2021-05-29,0.2526076666235385
2021-05-30,0.26318416223919733
2021-05-31,0.2737606578548561
2021-06-01,0.2578967194652058
2021-06-02,0.2420327810755555
2021-06-03,0.2261688426859052
2021-06-04,0.21829340973944145
2021-06-05,0.2104179767929777
2021-06-06,0.2071627046043127
2021-06-07,0.20894796850266434
2021-06-08,0.210733232401016
2021-06-09,0.2333466229284737
2021-06-10,0.2559600134559314
2021-06-11,0.2785734039833891
2021-06-12,0.29100639431487085
2021-06-13,0.3034393846463527
2021-06-14,0.3180088461753599
2021-06-15,0.31731460890032337
2021-06-16,0.3166203716252869
2021-06-17,0.38125846589889467
2021-06-18,0.44589656017250245
2021-06-19,0.5105346544461102
2021-06-20,0.40847596333152913
2021-06-21,0.3064172722169481
2021-06-22,0.2814544725785696
2021-06-23,0.2840910068692615
2021-06-24,0.2867275411599533
2021-06-25,0.28461647948767116
2021-06-26,0.28250541781538907
2021-06-27,0.2803943561431069
2021-06-28,0.27696355828761
2021-06-29,0.2735327604321131
2021-06-30,0.2686724238721284
2021-07-01,0.27397047308835687
2021-07-02,0.2792685223045853
2021-07-03,0.2761786092220424
2021-07-04,0.27308869613949943
2021-07-05,0.2699987830569565
2021-07-06,0.25207570501754983
2021-07-07,0.2341526269781431
2021-07-08,0.2740855005279009
2021-07-09,0.2742918512730883
2021-07-10,0.2744982020182756
2021-07-11,0.2885932984156055
2021-07-12,0.3026883948129354
2021-07-13,0.3167834912102653
2021-07-14,0.30040131165330103
2021-07-15,0.2840191320963368
2021-07-16,0.2688808579790106
2021-07-17,0.28252617087205006
2021-07-18,0.2961714837650895
2021-07-19,0.2921264390413281
2021-07-20,0.2880813943175667
2021-07-21,0.2840363495938053
2021-07-22,0.2892629999815104
2021-07-23,0.2944896503692155
2021-07-24,0.3521485831588506
2021-07-25,0.37010863056152005
2021-07-26,0.3880686779641895
2021-07-27,0.36623331933294617
2021-07-28,0.3443979607017029
2021-07-29,0.3225626020704596
2021-07-30,0.33325090837636173
2021-07-31,0.3439392146822639
2021-08-01,0.3654430295483638
2021-08-02,0.34354207757692934
2021-08-03,0.3216411256054949
2021-08-04,0.31556497568951125
2021-08-05,0.30948882577352754
2021-08-06,0.3034126758575439
2021-08-07,0.31795324912532363
2021-08-08,0.3324938223931034
2021-08-09,0.3633621775629844
2021-08-10,0.34687436014843404
2021-08-11,0.3303865427338837
2021-08-12,0.32775456165659766
2021-08-13,0.3251225805793117
2021-08-14,0.3224905995020257
2021-08-15,0.2903864878031881
2021-08-16,0.2582823761043505
2021-08-17,0.26280528428662636
2021-08-18,0.26732819246890216
2021-08-19,0.271851100651178
2021-08-20,0.27967174177888715
2021-08-21,0.28749238290659634
2021-08-22,0.2953130240343055
2021-08-23,0.3112032999219005
2021-08-24,0.3270935758094955
2021-08-25,0.3321759376854732
2021-08-26,0.32900957286579763
2021-08-27,0.325843208046122
2021-08-28,0.3130850175269462
2021-08-29,0.3003268270077703
2021-08-30,0.2875686364885945
2021-08-31,0.3239432769395253
2021-09-01,0.3603179173904561
2021-09-02,0.3134664879928358
2021-09-03,0.3082411462968039
2021-09-04,0.303015804600772
2021-09-05,0.335304469855804
2021-09-06,0.367593135110836
2021-09-07,0.399881800365868
2021-09-08,0.3814506799639058
2021-09-09,0.3630195595619436
2021-09-10,0.3349212828145279
2021-09-11,0.3438212824158524
2021-09-12,0.352721282017177
2021-09-13,0.3396789797907424
2021-09-14,0.3266366775643078
2021-09-15,0.3135943753378732
2021-09-16,0.31845254182740523
2021-09-17,0.3233107083169373
2021-09-18,0.3345506353787914
2021-09-19,0.32469089516628835
2021-09-20,0.3148311549537853
2021-09-21,0.31838772786572667
2021-09-22,0.321944300777668
2021-09-23,0.3255008736896094
2021-09-24,0.3111657638103591
2021-09-25,0.2968306539311088
2021-09-26,0.3090518014858485
2021-09-27,0.3044926321044642
2021-09-28,0.2999334627230799
2021-09-29,0.30845676532670047
2021-09-30,0.3169800679303211
2021-10-01,0.3255033705339416
2021-10-02,0.3225590081141313
2021-10-03,0.3196146456943209
2021-10-04,0.3097356853743088
2021-10-05,0.30797793468586804
2021-10-06,0.3062201839974273
2021-10-07,0.2897317817132204
2021-10-08,0.2732433794290135
2021-10-09,0.2567549771448066
2021-10-10,0.2558093323140156
2021-10-11,0.2548636874832246
2021-10-12,0.2454521343057608
2021-10-13,0.24781672965521695
2021-10-14,0.2501813250046731
2021-10-15,0.2403755878513457
2021-10-16,0.2305698506980183
2021-10-17,0.2207641135446909
2021-10-18,0.28281803682585444
2021-10-19,0.344871960107018
2021-10-20,0.2125379985706372
2021-10-21,0.24820267580700214
2021-10-22,0.2838673530433671
2021-10-23,0.2646329187786701
2021-10-24,0.24539848451397314
2021-10-25,0.2261640502492762
2021-10-26,0.2390455649353334
2021-10-27,0.2519270796213906
2021-10-28,0.2474953518059459
2021-10-29,0.22733303779908032
2021-10-30,0.2071707237922147
2021-10-31,0.2189335453527789
2021-11-01,0.2306963669133431
2021-11-02,0.2424591884739073
2021-11-03,0.2416168918673528
2021-11-04,0.2407745952607983
2021-11-05,0.2254456511800071
2021-11-06,0.2305069406823177
2021-11-07,0.2355682301846283
2021-11-08,0.23091478965859527
2021-11-09,0.22626134913256224
2021-11-10,0.2216079086065292
2021-11-11,0.21158143912055866
2021-11-12,0.2015549696345881
2021-11-13,0.1860273986298969
2021-11-14,0.19296860334381205
2021-11-15,0.1999098080577272
2021-11-16,0.1914994103764959
2021-11-17,0.18308901269526462
2021-11-18,0.1746786150140333
2021-11-19,0.1731100494112935
2021-11-20,0.1715414838085537
2021-11-21,0.1947686968687084
2021-11-22,0.18383681021347176
2021-11-23,0.1729049235582351
2021-11-24,0.1762064057258352
2021-11-25,0.1795078878934353
2021-11-26,0.18280937006103537
2021-11-27,0.18611085222863546
2021-11-28,0.18941233439623556
2021-11-29,0.19271381656383565
2021-11-30,0.19601529873143575
2021-12-01,0.19931678089903584
2021-12-02,0.20261826306663594
2021-12-03,0.205919745234236
2021-12-04,0.2092212274018361
2021-12-05,0.23095252287106882
2021-12-06,0.2526838183403015
2021-12-07,0.2185284200424141
2021-12-08,0.22938712701768604
2021-12-09,0.240245833992958
2021-12-10,0.22956798742111711
2021-12-11,0.2188901408492762
2021-12-12,0.2082122942774353
2021-12-13,0.2078771475279362
2021-12-14,0.20754200077843712
2021-12-15,0.20720685402893804
2021-12-16,0.20687170727943893
2021-12-17,0.20653656052993985
2021-12-18,0.20620141378044077
2021-12-19,0.20586626703094169
2021-12-20,0.2055311202814426
2021-12-21,0.20519597353194352
2021-12-22,0.20486082678244444
2021-12-23,0.20452568003294536
2021-12-24,0.20419053328344625
2021-12-25,0.20385538653394716
2021-12-26,0.20352023978444808
2021-12-27,0.203185093034949
2021-12-28,0.20284994628544992
2021-12-29,0.20251479953595083
2021-12-30,0.20217965278645175
2021-12-31,0.20184450603695267
2022-01-01,0.20150935928745356
2022-01-02,0.20117421253795448
2022-01-03,0.2008390657884554
2022-01-04,0.2005039190389563
2022-01-05,0.20016877228945723
2022-01-06,0.19983362553995815
2022-01-07,0.19949847879045907
2022-01-08,0.19916333204095998
2022-01-09,0.19882818529146087
2022-01-10,0.1984930385419618
2022-01-11,0.1981578917924627
2022-01-12,0.19782274504296363
2022-01-13,0.19748759829346454
2022-01-14,0.19715245154396546
2022-01-15,0.19681730479446638
2022-01-16,0.19648215804496727
2022-01-17,0.1961470112954682
2022-01-18,0.1958118645459691
2022-01-19,0.19547671779647002
2022-01-20,0.19514157104697094
2022-01-21,0.19480642429747186
2022-01-22,0.19447127754797278
2022-01-23,0.1941361307984737
2022-01-24,0.19380098404897458
2022-01-25,0.1934658372994755
2022-01-26,0.19313069054997642
2022-01-27,0.19279554380047734
2022-01-28,0.19246039705097825
2022-01-29,0.19212525030147917
2022-01-30,0.1917901035519801
2022-01-31,0.191454956802481
2022-02-01,0.1911198100529819
2022-02-02,0.19078466330348282
2022-02-03,0.19044951655398373
2022-02-04,0.19011436980448465
2022-02-05,0.18977922305498557
2022-02-06,0.1894440763054865
2022-02-07,0.1891089295559874
2022-02-08,0.18877378280648832
2022-02-09,0.1884386360569892
2022-02-10,0.18810348930749013
2022-02-11,0.18776834255799105
2022-02-12,0.18743319580849196
2022-02-13,0.18709804905899288
2022-02-14,0.1867629023094938
2022-02-15,0.18642775555999472
2022-02-16,0.1860926088104956
2022-02-17,0.18575746206099653
2022-02-18,0.18542231531149744
2022-02-19,0.18508716856199836
2022-02-20,0.18475202181249928
2022-02-21,0.1844168750630002
2022-02-22,0.18408172831350111
2022-02-23,0.18374658156400203
2022-02-24,0.18341143481450295
2022-02-25,0.18307628806500384
2022-02-26,0.18274114131550476
2022-02-27,0.18240599456600567
2022-02-28,0.1820708478165066
2022-03-01,0.1817357010670075
2022-03-02,0.18140055431750843
2022-03-03,0.18106540756800935
2022-03-04,0.18073026081851024
2022-03-05,0.18039511406901115
2022-03-06,0.18005996731951207
2022-03-07,0.179724820570013
2022-03-08,0.1793896738205139
2022-03-09,0.17905452707101482
2022-03-10,0.17871938032151574
2022-03-11,0.17838423357201666
2022-03-12,0.17804908682251755
2022-03-13,0.17771394007301847
2022-03-14,0.17737879332351938
2022-03-15,0.1770436465740203
2022-03-16,0.178368003948947
2022-03-17,0.1796923613238737
2022-03-18,0.1810167186988004
2022-03-19,0.18490540015860724
2022-03-20,0.18879408161841407
2022-03-21,0.1926827630782209
2022-03-22,0.19151955528855255
2022-03-23,0.1903563474988842
2022-03-24,0.1891931397092158
2022-03-25,0.18802993191954745
2022-03-26,0.1868667241298791
2022-03-27,0.18908547826671135
2022-03-28,0.1913042324035436
2022-03-29,0.1988852358662062
2022-03-30,0.19092672093769025
2022-03-31,0.1829682060091743
2022-04-01,0.17764980348436715
2022-04-02,0.17233140095956004
2022-04-03,0.1670129984347529
2022-04-04,0.1505257163317886
2022-04-05,0.1340384342288243
2022-04-06,0.1390146762132644
2022-04-07,0.14757903064537906
2022-04-08,0.1561433850774937
2022-04-09,0.16901107885359273
2022-04-10,0.18187877262969177
2022-04-11,0.1947464664057908
2022-04-12,0.1814566786926207
2022-04-13,0.1681668909794506
2022-04-14,0.1766805595275267
2022-04-15,0.1878106504143245
2022-04-16,0.1989407413011223
2022-04-17,0.1939437593779777
2022-04-18,0.1889467774548331
2022-04-19,0.1839497955316885
2022-04-20,0.1774935408572812
2022-04-21,0.1710372861828739
2022-04-22,0.1798919338581249
2022-04-23,0.18683550327981355
2022-04-24,0.1937790727015022
2022-04-25,0.18982029041866552
2022-04-26,0.18586150813582886
2022-04-27,0.1819027258529922
2022-04-28,0.19040473823488008
2022-04-29,0.198906750616768
2022-04-30,0.2308952955908365
2022-05-01,0.20964428341140146
2022-05-02,0.1883932712319664
2022-05-03,0.19683110534094503
2022-05-04,0.20526893944992367
2022-05-05,0.2137067735589023
2022-05-06,0.2058142533255043
2022-05-07,0.1979217330921063
2022-05-08,0.1767850863513442
2022-05-09,0.1857799616381274
2022-05-10,0.1947748369249106
2022-05-11,0.20055545064724806
2022-05-12,0.20633606436958554
2022-05-13,0.212116678091923
2022-05-14,0.20702958572189945
2022-05-15,0.2019424933518759
2022-05-16,0.2355755584618068
2022-05-17,0.2354802441295023
2022-05-18,0.2353849297971978
2022-05-19,0.22942834212478913
2022-05-20,0.22347175445238046
2022-05-21,0.2175151667799718
2022-05-22,0.2185881694901882
2022-05-23,0.2196611722004046
2022-05-24,0.2067395923421246
2022-05-25,0.20931709504115975
2022-05-26,0.2118945977401949
2022-05-27,0.21526980409287985
2022-05-28,0.21864501044556484
2022-05-29,0.2220202167982498
2022-05-30,0.21759781609910528
2022-05-31,0.2131754153999608
2022-06-01,0.2334719252127867
2022-06-02,0.2241663927397296
2022-06-03,0.2148608602666725
2022-06-04,0.2055553277936154
2022-06-05,0.1962497953205583
2022-06-06,0.1869442628475012
2022-06-07,0.1836149619605047
2022-06-08,0.1802856610735082
2022-06-09,0.1932701042701494
2022-06-10,0.2013219740080335
2022-06-11,0.2093738437459176
2022-06-12,0.21769412060395568
2022-06-13,0.22601439746199373
2022-06-14,0.2343346743200318
2022-06-15,0.2355537750622754
2022-06-16,0.236772875804519
2022-06-17,0.2188756003385073
2022-06-18,0.26521983114702397
2022-06-19,0.3115640619555406
2022-06-20,0.29821516812202437
2022-06-21,0.28486627428850814
2022-06-22,0.2715173804549919
2022-06-23,0.2535721103027349
2022-06-24,0.2356268401504779
2022-06-25,0.2544755817389715
2022-06-26,0.3054338726643169
2022-06-27,0.3563921635896623
2022-06-28,0.3434219282262951
2022-06-29,0.3304516928629279
2022-06-30,0.3174814574995607
2022-07-01,0.32791018330861077
2022-07-02,0.3383389091176608
2022-07-03,0.3111433043616458
2022-07-04,0.31840918833463716
2022-07-05,0.3256750723076286
2022-07-06,0.31087198440451175
2022-07-07,0.29606889650139484
2022-07-08,0.281265808598278
2022-07-09,0.33175792529048764
2022-07-10,0.3822500419826973
2022-07-11,0.3483474089305403
2022-07-12,0.3596015339309472
2022-07-13,0.370855658931354
2022-07-14,0.34774744982848954
2022-07-15,0.324639240725625
2022-07-16,0.3015310316227605
2022-07-17,0.2856425307461343
2022-07-18,0.2697540298695081
2022-07-19,0.3168322539014437
2022-07-20,0.3252639146759646
2022-07-21,0.3336955754504855
2022-07-22,0.33904819427257765
2022-07-23,0.34440081309466986
2022-07-24,0.349753431916762
2022-07-25,0.34967619889331814
2022-07-26,0.3495989658698743
2022-07-27,0.3175404819885539
2022-07-28,0.3213081580440388
2022-07-29,0.3250758340995236
2022-07-30,0.32133642702207815
2022-07-31,0.31759701994463274
2022-08-01,0.3138576128671873
2022-08-02,0.30255555593232225
2022-08-03,0.2912534989974572
2022-08-04,0.3862585481990622
2022-08-05,0.4105285519231431
2022-08-06,0.4347985556472239
2022-08-07,0.4321110456603009
2022-08-08,0.4294235356733779
2022-08-09,0.4267360256864548
2022-08-10,0.4240485156995318
2022-08-11,0.42136100571260876
2022-08-12,0.4186734957256857
2022-08-13,0.41598598573876266
2022-08-14,0.41329847575183964
2022-08-15,0.4106109657649166
2022-08-16,0.4079234557779936
2022-08-17,0.40523594579107053
2022-08-18,0.4025484358041475
2022-08-19,0.3998609258172245
2022-08-20,0.3971734158303014
2022-08-21,0.3944859058433784
2022-08-22,0.3917983958564554
2022-08-23,0.38911088586953235
2022-08-24,0.38642337588260933
2022-08-25,0.38373586589568626
2022-08-26,0.38104835590876324
2022-08-27,0.3783608459218402
2022-08-28,0.3756733359349172
2022-08-29,0.3729858259479941
2022-08-30,0.3702983159610711
2022-08-31,0.3676108059741481
2022-09-01,0.36492329598722506
2022-09-02,0.362235786000302
2022-09-03,0.35954827601337896
2022-09-04,0.35686076602645594
2022-09-05,0.3541732560395329
2022-09-06,0.35148574605260985
2022-09-07,0.34879823606568683
2022-09-08,0.3461107260787638
2022-09-09,0.3434232160918408
2022-09-10,0.34073570610491777
2022-09-11,0.3380481961179947
2022-09-12,0.3353606861310717
2022-09-13,0.33267317614414865
2022-09-14,0.3299856661572256
2022-09-15,0.32729815617030256
2022-09-16,0.32461064618337954
2022-09-17,0.3219231361964565
2022-09-18,0.3192356262095335
2022-09-19,0.3165481162226104
2022-09-20,0.3138606062356874
2022-09-21,0.3111730962487644
2022-09-22,0.3084855862618413
2022-09-23,0.3057980762749183
2022-09-24,0.2917932068568533
2022-09-25,0.2777883374387882
2022-09-26,0.2637834680207232
2022-09-27,0.2720102934652309
2022-09-28,0.2802371189097387
2022-09-29,0.2884639443542464
2022-09-30,0.2864001128642044
2022-10-01,0.2843362813741624
2022-10-02,0.2922096071277911
2022-10-03,0.2896162289195501
2022-10-04,0.2870228507113091
2022-10-05,0.27947188016662877
2022-10-06,0.27192090962194837
2022-10-07,0.264369939077268
2022-10-08,0.2750496024492457
2022-10-09,0.2857292658212234
2022-10-10,0.2923569391871338
2022-10-11,0.2820758209640228
2022-10-12,0.2717947027409118
2022-10-13,0.27272591770615967
2022-10-14,0.2736571326714076
2022-10-15,0.2745883476366555
2022-10-16,0.27189939540412167
2022-10-17,0.2692104431715878
2022-10-18,0.2393752023408358
2022-10-19,0.24657810218934326
2022-10-20,0.2537810020378507
2022-10-21,0.25019048326778687
2022-10-22,0.24659996449772303
2022-10-23,0.2430094457276592
2022-10-24,0.23809370053234602
2022-10-25,0.2331779553370328
2022-10-26,0.2453229237101676
2022-10-27,0.236579063793184
2022-10-28,0.2278352038762004
2022-10-29,0.22572057582072477
2022-10-30,0.22360594776524914
2022-10-31,0.2214913197097735
2022-11-01,0.21973367458150395
2022-11-02,0.2179760294532344
2022-11-03,0.216993087681151
2022-11-04,0.21642607774938494
2022-11-05,0.2158590678176189
2022-11-06,0.21452162489632134
2022-11-07,0.21318418197502376
2022-11-08,0.2118467390537262
2022-11-09,0.20619209192387045
2022-11-10,0.2005374447940147
2022-11-11,0.222951212465161
2022-11-12,0.21941688893756348
2022-11-13,0.21588256540996595
2022-11-14,0.21234824188236845
2022-11-15,0.20881391835477092
2022-11-16,0.2052795948271734
2022-11-17,0.20955211829376102
2022-11-18,0.21382464176034868
2022-11-19,0.2180971652269363
2022-11-20,0.20618953555822372
2022-11-21,0.1942819058895111
2022-11-22,0.19429880722115436
2022-11-23,0.19431570855279764
2022-11-24,0.1943326098844409
2022-11-25,0.19434951121608415
2022-11-26,0.19436641254772744
2022-11-27,0.1943833138793707
2022-11-28,0.19440021521101394
2022-11-29,0.19441711654265723
2022-11-30,0.19443401787430048
2022-12-01,0.19445091920594373
2022-12-02,0.19446782053758702
2022-12-03,0.19448472186923027
2022-12-04,0.19450162320087352
2022-12-05,0.19451852453251678
2022-12-06,0.19453542586416006
2022-12-07,0.19455232719580332
2022-12-08,0.19456922852744657
2022-12-09,0.19458612985908985
2022-12-10,0.1946030311907331
2022-12-11,0.19461993252237636
2022-12-12,0.19463683385401964
2022-12-13,0.1946537351856629
2022-12-14,0.19467063651730615
2022-12-15,0.19468753784894943
2022-12-16,0.1947044391805927
2022-12-17,0.19472134051223594
2022-12-18,0.19473824184387922
2022-12-19,0.19475514317552248
2022-12-20,0.19477204450716573
2022-12-21,0.194788945838809
2022-12-22,0.19480584717045227
2022-12-23,0.19482274850209552
2022-12-24,0.1948396498337388
2022-12-25,0.19485655116538206
2022-12-26,0.1948734524970253
2022-12-27,0.1948903538286686
2022-12-28,0.19490725516031185
2022-12-29,0.1949241564919551
2022-12-30,0.19494105782359836
2022-12-31,0.19495795915524164
2023-01-01,0.1949748604868849
2023-01-02,0.19499176181852815
2023-01-03,0.19500866315017143
2023-01-04,0.19502556448181468
2023-01-05,0.19504246581345794
2023-01-06,0.19505936714510122
2023-01-07,0.19507626847674447
2023-01-08,0.19509316980838773
2023-01-09,0.195110071140031
2023-01-10,0.19512697247167426
2023-01-11,0.19514387380331752
2023-01-12,0.1951607751349608
2023-01-13,0.19517767646660406
2023-01-14,0.1951945777982473
2023-01-15,0.1952114791298906
2023-01-16,0.19522838046153385
2023-01-17,0.1952452817931771
2023-01-18,0.19526218312482038
2023-01-19,0.19527908445646364
2023-01-20,0.1952959857881069
2023-01-21,0.19531288711975014
2023-01-22,0.19532978845139343
2023-01-23,0.19534668978303668
2023-01-24,0.19536359111467994
2023-01-25,0.19538049244632322
2023-01-26,0.19539739377796647
2023-01-27,0.19541429510960973
2023-01-28,0.195431196441253
2023-01-29,0.19544809777289626
2023-01-30,0.19546499910453952
2023-01-31,0.1954819004361828
2023-02-01,0.19549880176782605
2023-02-02,0.1955157030994693
2023-02-03,0.1955326044311126
2023-02-04,0.19554950576275584
2023-02-05,0.1955664070943991
2023-02-06,0.19558330842604238
2023-02-07,0.19560020975768563
2023-02-08,0.1956171110893289
2023-02-09,0.19563401242097217
2023-02-10,0.19565091375261542
2023-02-11,0.19566781508425868
2023-02-12,0.19568471641590196
2023-02-13,0.19570161774754521
2023-02-14,0.19571851907918847
2023-02-15,0.19573542041083172
2023-02-16,0.195752321742475
2023-02-17,0.19576922307411826
2023-02-18,0.1957861244057615
2023-02-19,0.1958030257374048
2023-02-20,0.19581992706904805
2023-02-21,0.1958368284006913
2023-02-22,0.19585372973233459
2023-02-23,0.19587063106397784
2023-02-24,0.1958875323956211
2023-02-25,0.19590443372726438
2023-02-26,0.19592133505890763
2023-02-27,0.19593823639055089
2023-02-28,0.19595513772219417
2023-03-01,0.19597203905383742
2023-03-02,0.19598894038548068
2023-03-03,0.19600584171712396
2023-03-04,0.1960227430487672
2023-03-05,0.19603964438041047
2023-03-06,0.19605654571205375
2023-03-07,0.196073447043697
2023-03-08,0.19609034837534026
2023-03-09,0.1961072497069835
2023-03-10,0.1961241510386268
2023-03-11,0.19614105237027005
2023-03-12,0.1961579537019133
2023-03-13,0.19617485503355658
2023-03-14,0.19619175636519984
2023-03-15,0.1962086576968431
2023-03-16,0.19622555902848637
2023-03-17,0.19624246036012963
2023-03-18,0.19625936169177288
2023-03-19,0.19627626302341616
2023-03-20,0.19629316435505942
2023-03-21,0.19631006568670267
2023-03-22,0.19632696701834595
2023-03-23,0.1963438683499892
2023-03-24,0.19636076968163246
2023-03-25,0.19637767101327575
2023-03-26,0.196394572344919
2023-03-27,0.19641147367656225
2023-03-28,0.19642837500820554
2023-03-29,0.1964452763398488
2023-03-30,0.19646217767149204
2023-03-31,0.19647907900313533
2023-04-01,0.19649598033477858
2023-04-02,0.19651288166642183
2023-04-03,0.1965297829980651
2023-04-04,0.19654668432970837
2023-04-05,0.19656358566135163
2023-04-06,0.19658048699299488
2023-04-07,0.19659738832463816
2023-04-08,0.19661428965628142
2023-04-09,0.19663119098792467
2023-04-10,0.19664809231956795
2023-04-11,0.1966649936512112
2023-04-12,0.19668189498285446
2023-04-13,0.19669879631449774
2023-04-14,0.196715697646141
2023-04-15,0.20071664463700792
2023-04-16,0.20471759162787487
2023-04-17,0.2087185386187418
2023-04-18,0.202055529434402
2023-04-19,0.1953925202500622
2023-04-20,0.2443842986762963
2023-04-21,0.24529711952482433
2023-04-22,0.2462099403733524
2023-04-23,0.23250491763512218
2023-04-24,0.218799894896892
2023-04-25,0.2050948721586618
2023-04-26,0.2100898823539112
2023-04-27,0.2150848925491606
2023-04-28,0.2086123735307161
2023-04-29,0.22864496924995215
2023-04-30,0.2486775649691882
2023-05-01,0.24562600881452376
2023-05-02,0.24257445265985933
2023-05-03,0.2395228965051949
2023-05-04,0.24596218129624298
2023-05-05,0.2524014660872911
2023-05-06,0.2456193963320631
2023-05-07,0.2369304203438131
2023-05-08,0.2282414443555631
2023-05-09,0.2318591534097989
2023-05-10,0.23547686246403468
2023-05-11,0.2390945715182705
2023-05-12,0.2276894078730017
2023-05-13,0.2162842442277329
2023-05-14,0.2578414627259372
2023-05-15,0.22916605703483992
2023-05-16,0.2004906513437426
2023-05-17,0.2089223648043599
2023-05-18,0.21735407826497719
2023-05-19,0.2257857917255945
2023-05-20,0.22723293054748614
2023-05-21,0.2286800693693778
2023-05-22,0.22608126513986973
2023-05-23,0.22348246091036167
2023-05-24,0.2208836566808536
2023-05-25,0.23230970568876277
2023-05-26,0.2437357546966719
2023-05-27,0.2551618037045811
2023-05-28,0.25101206384902625
2023-05-29,0.2468623239934714
2023-05-30,0.2414350205055942
2023-05-31,0.24971528249092306
2023-06-01,0.2579955444762519
2023-06-02,0.25650868932840626
2023-06-03,0.2550218341805606
2023-06-04,0.253534979032715
2023-06-05,0.2527899585947492
2023-06-06,0.2520449381567833
2023-06-07,0.2674917046031262
2023-06-08,0.2537001581690922
2023-06-09,0.2399086117350582
2023-06-10,0.2471571205821156
2023-06-11,0.254405629429173
2023-06-12,0.2616541382762304
2023-06-13,0.2522696956598286
2023-06-14,0.2428852530434268
2023-06-15,0.2761861815982978
2023-06-16,0.2662338829889611
2023-06-17,0.2562815843796244
2023-06-18,0.26569529926253455
2023-06-19,0.27510901414544475
2023-06-20,0.2845227290283549
2023-06-21,0.28009005302804246
2023-06-22,0.27565737702773
2023-06-23,0.3270083754252221
2023-06-24,0.31509475192942227
2023-06-25,0.3031811284336224
2023-06-26,0.29381979093852717
2023-06-27,0.2844584534434319
2023-06-28,0.2750971159483367
2023-06-29,0.31540773316627024
2023-06-30,0.3557183503842038
2023-07-01,0.3361036271513296
2023-07-02,0.3231095903770514
2023-07-03,0.3101155536027732
2023-07-04,0.3202381883336234
2023-07-05,0.3303608230644736
2023-07-06,0.3404834577953238
2023-07-07,0.33896607008274426
2023-07-08,0.3374486823701648
2023-07-09,0.3341108287221009
2023-07-10,0.33077297507403697
2023-07-11,0.3274351214259731
2023-07-12,0.32245585266363946
2023-07-13,0.3174765839013059
2023-07-14,0.3124973151389723
2023-07-15,0.3597549716150183
2023-07-16,0.4070126280910643
2023-07-17,0.342558687557733
2023-07-18,0.35082995802295364
2023-07-19,0.3591012284881743
2023-07-20,0.3674183145843763
2023-07-21,0.37573540068057837
2023-07-22,0.3840524867767804
2023-07-23,0.3907468292156504
2023-07-24,0.3974411716545205
2023-07-25,0.3633708628492617
2023-07-26,0.3447251406255739
2023-07-27,0.3260794184018862
2023-07-28,0.3243285070442556
2023-07-29,0.322577595686625
2023-07-30,0.3208266843289943
2023-07-31,0.3190757729713637
2023-08-01,0.3173248616137331
2023-08-02,0.3228260284710315
2023-08-03,0.3341736629655585
2023-08-04,0.3455212974600855
2023-08-05,0.33731141217304567
2023-08-06,0.3291015268860059
2023-08-07,0.3208916415989661
2023-08-08,0.32268580442483197
2023-08-09,0.3244799672506979
2023-08-10,0.3175447540927906
2023-08-11,0.31928114536595376
2023-08-12,0.321017536639117
2023-08-13,0.3259073033106352
2023-08-14,0.33079706998215347
2023-08-15,0.3356868366536717
2023-08-16,0.32098065390494424
2023-08-17,0.3062744711562168
2023-08-18,0.3572852858150734
2023-08-19,0.3282375487356009
2023-08-20,0.2991898116561284
2023-08-21,0.32589873633895844
2023-08-22,0.3526076610217885
2023-08-23,0.3793165857046185
2023-08-24,0.35626547071668174
2023-08-25,0.3332143557287449
2023-08-26,0.3341575013026932
2023-08-27,0.3031982796129484
2023-08-28,0.2722390579232035
2023-08-29,0.26964981073675004
2023-08-30,0.2670605635502965
2023-08-31,0.264471316363843
2023-09-01,0.2784417616151504
2023-09-02,0.2924122068664578
2023-09-03,0.2356896037090954
2023-09-04,0.2498085902147737
2023-09-05,0.263927576720452
2023-09-06,0.27046137218433325
2023-09-07,0.2769951676482145
2023-09-08,0.2835289631120958
2023-09-09,0.31433999837757726
2023-09-10,0.3451510336430587
2023-09-11,0.3056296050244448
2023-09-12,0.32080191394844115
2023-09-13,0.3359742228724375
2023-09-14,0.32724354512485054
2023-09-15,0.31851286737726353
2023-09-16,0.3097821896296766
2023-09-17,0.315544363604883
2023-09-18,0.3213065375800894
2023-09-19,0.3089146758491247
2023-09-20,0.3220993456187391
2023-09-21,0.3352840153883535
2023-09-22,0.3217640353345879
2023-09-23,0.3082440552808224
2023-09-24,0.2947240752270568
2023-09-25,0.2753510165122637
2023-09-26,0.2559779577974705
2023-09-27,0.2666395317913518
2023-09-28,0.26653223652324215
2023-09-29,0.2664249412551325
2023-09-30,0.260604684757241
2023-10-01,0.25478442825934955
2023-10-02,0.2489641717614581
2023-10-03,0.25543522856627865
2023-10-04,0.2619062853710992
2023-10-05,0.2581546787856793
2023-10-06,0.2545692372688235
2023-10-07,0.2509837957519678
2023-10-08,0.24405586610712468
2023-10-09,0.23712793646228159
2023-10-10,0.2302000068174385
2023-10-11,0.23005772909978772
2023-10-12,0.22991545138213698
2023-10-13,0.2297731736644862
2023-10-14,0.22937179495514948
2023-10-15,0.2289704162458127
2023-10-16,0.23031962423455224
2023-10-17,0.23166883222329177
2023-10-18,0.2330180402120313
2023-10-19,0.23968696836972125
2023-10-20,0.2463558965274112
2023-10-21,0.2325819429498991
2023-10-22,0.2318561388356653
2023-10-23,0.2311303347214315
2023-10-24,0.23397730311764112
2023-10-25,0.23682427151385077
2023-10-26,0.2396712399100604
2023-10-27,0.22494747969385695
2023-10-28,0.2102237194776535
2023-10-29,0.1997022565509028
2023-10-30,0.2160518121972499
2023-10-31,0.232401367843597
2023-11-01,0.22276089874933086
2023-11-02,0.21312042965506472
2023-11-03,0.2034799605607986
2023-11-04,0.21789082139730448
2023-11-05,0.2323016822338104
2023-11-06,0.2168758660554886
2023-11-07,0.21367150843143462
2023-11-08,0.21046715080738068
2023-11-09,0.20726279318332672
2023-11-10,0.20405843555927278
2023-11-11,0.2008540779352188
