date,rainfall,soil_moisture,sentinel1_vv,sentinel1_vh,elevation,slope
2020-01-01,,,,,2731.5671510280154,35.31415903321138
2020-01-02,0.015996572166455513,,,,2731.5671510280154,35.31415903321138
2020-01-03,0.0,,,,2731.5671510280154,35.31415903321138
2020-01-04,0.01724454334199235,,-10.080015226215348,-17.115646423542245,2731.5671510280154,35.31415903321138
2020-01-05,0.0071090363516387615,,,,2731.5671510280154,35.31415903321138
2020-01-06,0.5138171813511229,,-9.317482925452028,-16.980308696513106,2731.5671510280154,35.31415903321138
2020-01-07,0.14211038584837055,,-13.704818893161903,-19.547131146273443,2731.5671510280154,35.31415903321138
2020-01-08,0.04965232476971044,,,,2731.5671510280154,35.31415903321138
2020-01-09,0.05983788721457497,,,,2731.5671510280154,35.31415903321138
2020-01-10,0.008761048129954006,,,,2731.5671510280154,35.31415903321138
2020-01-11,0.011209189648149348,,-7.2133977542545775,-14.486716319836988,2731.5671510280154,35.31415903321138
2020-01-12,0.07172077659633627,,-8.623122412344484,-15.919474633193532,2731.5671510280154,35.31415903321138
2020-01-13,0.4173507224365231,,-11.968589444296564,-15.671416788852062,2731.5671510280154,35.31415903321138
2020-01-14,0.02320120810002927,,,,2731.5671510280154,35.31415903321138
2020-01-15,0.009017856974049887,,,,2731.5671510280154,35.31415903321138
2020-01-16,0.08880388286787196,,-9.648290971863599,-16.373634510639768,2731.5671510280154,35.31415903321138
2020-01-17,0.2904978272428502,,,,2731.5671510280154,35.31415903321138
2020-01-18,0.036643892599197175,0.2321183979511261,-8.932766454660362,-15.786281229872689,2731.5671510280154,35.31415903321138
2020-01-19,0.0,0.2594205439090729,-15.989790614198796,-18.946702802180763,2731.5671510280154,35.31415903321138
2020-01-20,0.01015444595452516,,,,2731.5671510280154,35.31415903321138
2020-01-21,0.011877029057989279,0.2501523792743683,,,2731.5671510280154,35.31415903321138
2020-01-22,0.005638527865340182,,,,2731.5671510280154,35.31415903321138
2020-01-23,0.004061823253705291,,-7.083640436402467,-14.16601320171846,2731.5671510280154,35.31415903321138
2020-01-24,0.0037729977775125484,0.2713346481323242,-8.741660242920206,-15.678237580697221,2731.5671510280154,35.31415903321138
2020-01-25,0.02694917947771552,,,,2731.5671510280154,35.31415903321138
2020-01-26,0.02095170368821445,0.20407894253730774,,,2731.5671510280154,35.31415903321138
2020-01-27,0.11562048787229949,0.1921134889125824,,,2731.5671510280154,35.31415903321138
2020-01-28,0.23113703785375467,,-9.440780958384567,-15.791451821858136,2731.5671510280154,35.31415903321138
2020-01-29,0.28020224506559566,,,,2731.5671510280154,35.31415903321138
2020-01-30,0.0072851279565008175,,,,2731.5671510280154,35.31415903321138
2020-01-31,0.00410669172198806,,-15.425725378881571,-16.877956354037572,2731.5671510280154,35.31415903321138
2020-02-01,,,,,2731.5671510280154,35.31415903321138
2020-02-02,0.00014542748050933537,,,,2731.5671510280154,35.31415903321138
2020-02-03,0.00015512264804366284,0.25087180733680725,,,2731.5671510280154,35.31415903321138
2020-02-04,0.0,0.2129002958536148,-7.032881044918401,-13.991678315357664,2731.5671510280154,35.31415903321138
2020-02-05,0.0015900072589258613,,,,2731.5671510280154,35.31415903321138
2020-02-06,0.0017090547845048279,0.28890907764434814,,,2731.5671510280154,35.31415903321138
2020-02-07,0.02946902011675877,,,,2731.5671510280154,35.31415903321138
2020-02-08,0.01864718607509936,,,,2731.5671510280154,35.31415903321138
2020-02-09,0.0,0.2574790418148041,-9.715178083370683,-16.358509210432697,2731.5671510280154,35.31415903321138
2020-02-10,0.016269390209219158,,,,2731.5671510280154,35.31415903321138
2020-02-11,0.08037675868868989,0.2118094563484192,,,2731.5671510280154,35.31415903321138
2020-02-12,0.020326027880751354,0.23371846973896027,-12.037206087373068,-14.725429892419898,2731.5671510280154,35.31415903321138
2020-02-13,0.06359803224651717,,,,2731.5671510280154,35.31415903321138
2020-02-14,0.4974950288394184,0.13268610835075378,,,2731.5671510280154,35.31415903321138
2020-02-15,0.03567257324773899,,,,2731.5671510280154,35.31415903321138
2020-02-16,0.000869633821675804,,-7.572703215053677,-14.388660137085854,2731.5671510280154,35.31415903321138
2020-02-17,0.002860975747593392,0.22659189999103546,,,2731.5671510280154,35.31415903321138
2020-02-18,0.021497338502244515,,,,2731.5671510280154,35.31415903321138
2020-02-19,0.04473620074905971,,,,2731.5671510280154,35.31415903321138
2020-02-20,0.027835722376559197,0.1779313087463379,,,2731.5671510280154,35.31415903321138
2020-02-21,0.08674715552075858,,-9.450062733267318,-15.934825706250667,2731.5671510280154,35.31415903321138
2020-02-22,0.1105528459591928,0.2432560920715332,,,2731.5671510280154,35.31415903321138
2020-02-23,0.05120107082013057,,,,2731.5671510280154,35.31415903321138
2020-02-24,0.10269818340153007,,-11.991988045053148,-16.950244013706136,2731.5671510280154,35.31415903321138
2020-02-25,0.0017237103155116626,0.21061168611049652,,,2731.5671510280154,35.31415903321138
2020-02-26,0.012758386771923997,,,,2731.5671510280154,35.31415903321138
2020-02-27,0.02010371539997767,,,,2731.5671510280154,35.31415903321138
2020-02-28,0.02750992047040042,,-7.669984071017564,-14.533683041813873,2731.5671510280154,35.31415903321138
2020-02-29,1.4164134355592524,,,,2731.5671510280154,35.31415903321138
2020-03-01,,,,,2731.5671510280154,35.31415903321138
2020-03-02,0.07389790406732849,,,,2731.5671510280154,35.31415903321138
2020-03-03,0.01648786999648074,,,,2731.5671510280154,35.31415903321138
2020-03-04,0.03746617854284566,,-9.915676456836641,-16.62814152193103,2731.5671510280154,35.31415903321138
2020-03-05,0.07960204675680761,,,,2731.5671510280154,35.31415903321138
2020-03-06,0.5988757899151994,,,,2731.5671510280154,35.31415903321138
2020-03-07,0.04131425751848912,,-11.936931669045208,-15.997620821533781,2731.5671510280154,35.31415903321138
2020-03-08,0.00032963565282636523,,,,2731.5671510280154,35.31415903321138
2020-03-09,0.007040493909946897,,,,2731.5671510280154,35.31415903321138
2020-03-10,0.12629824773976941,,,,2731.5671510280154,35.31415903321138
2020-03-11,0.3060892381830327,,-6.861514712469755,-13.838892852382443,2731.5671510280154,35.31415903321138
2020-03-12,1.6103613892029887,,-8.391262502550651,-14.872398315301837,2731.5671510280154,35.31415903321138
2020-03-13,0.708563088467627,,,,2731.5671510280154,35.31415903321138
2020-03-14,0.08297573834319007,,,,2731.5671510280154,35.31415903321138
2020-03-15,0.012665493756500416,,,,2731.5671510280154,35.31415903321138
2020-03-16,0.05965976590226159,,-9.45745388767452,-16.270467594538246,2731.5671510280154,35.31415903321138
2020-03-17,0.05453666026585078,,,,2731.5671510280154,35.31415903321138
2020-03-18,0.012501578194943953,,,,2731.5671510280154,35.31415903321138
2020-03-19,0.12193181336051293,,-11.055890623340305,-15.401830705297039,2731.5671510280154,35.31415903321138
2020-03-20,0.003146870338115579,,,,2731.5671510280154,35.31415903321138
2020-03-21,0.007381628696339051,,,,2731.5671510280154,35.31415903321138
2020-03-22,0.010784405967506915,,,,2731.5671510280154,35.31415903321138
2020-03-23,0.03187815608451124,,-7.4848458928477575,-14.530797848641065,2731.5671510280154,35.31415903321138
2020-03-24,0.6757338831112498,,-9.362193665828604,-16.267420497043577,2731.5671510280154,35.31415903321138
2020-03-25,0.24682899753188162,,,,2731.5671510280154,35.31415903321138
2020-03-26,0.08349657106693044,,,,2731.5671510280154,35.31415903321138
2020-03-27,0.7058080826035309,,,,2731.5671510280154,35.31415903321138
2020-03-28,0.008786751255211602,0.20221935212612152,-9.246178066651522,-16.186823274356797,2731.5671510280154,35.31415903321138
2020-03-29,0.00030303029850913004,,,,2731.5671510280154,35.31415903321138
2020-03-30,0.004069714913782473,0.2518903315067291,,,2731.5671510280154,35.31415903321138
2020-03-31,0.5959239509198574,0.27120423316955566,-13.210237574834673,-16.023852028287784,2731.5671510280154,35.31415903321138
2020-04-01,,,,,2731.5671510280154,35.31415903321138
2020-04-02,0.006422032682765357,0.23699258267879486,,,2731.5671510280154,35.31415903321138
2020-04-03,0.00395698037433934,,,,2731.5671510280154,35.31415903321138
2020-04-04,0.0005945616970705554,,-7.1242520239156555,-14.31331961837599,2731.5671510280154,35.31415903321138
2020-04-05,0.10221274705902064,0.2605254650115967,-9.119686487277232,-16.127925688012255,2731.5671510280154,35.31415903321138
2020-04-06,0.042264835311309534,,,,2731.5671510280154,35.31415903321138
2020-04-07,0.00523516396611795,0.21247483789920807,,,2731.5671510280154,35.31415903321138
2020-04-08,0.7449866920322565,0.24322035908699036,,,2731.5671510280154,35.31415903321138
2020-04-09,0.02306908325421184,,-9.87557605743168,-16.672733569583315,2731.5671510280154,35.31415903321138
2020-04-10,0.5275398924688756,0.2783699929714203,,,2731.5671510280154,35.31415903321138
2020-04-11,0.004382440296719374,,,,2731.5671510280154,35.31415903321138
2020-04-12,0.015470779069509858,,-14.10463243059399,-16.878776934841607,2731.5671510280154,35.31415903321138
2020-04-13,0.04269886304961026,,,,2731.5671510280154,35.31415903321138
2020-04-14,0.13918425023426742,,,,2731.5671510280154,35.31415903321138
2020-04-15,0.1599767745686171,0.1967486962359899,,,2731.5671510280154,35.31415903321138
2020-04-16,0.011812995494851335,0.21697814100786855,-7.475270791082026,-14.335824150975125,2731.5671510280154,35.31415903321138
2020-04-17,0.07603490146006019,,-9.560966146996192,-16.49534677688317,2731.5671510280154,35.31415903321138
2020-04-18,0.0350755313700346,0.21172379353083673,,,2731.5671510280154,35.31415903321138
2020-04-19,0.14667410149996962,,,,2731.5671510280154,35.31415903321138
2020-04-20,0.4007846204275709,,,,2731.5671510280154,35.31415903321138
2020-04-21,0.03104797849790455,0.2165933446626046,-9.846090096415795,-16.873017844963798,2731.5671510280154,35.31415903321138
2020-04-22,0.009948141578568784,,,,2731.5671510280154,35.31415903321138
2020-04-23,0.01326411427049071,0.2090924097990085,,,2731.5671510280154,35.31415903321138
2020-04-24,0.011282692873019935,0.241168771969125,-13.138555711502748,-16.38615084174117,2731.5671510280154,35.31415903321138
2020-04-25,0.09943136460354991,,,,2731.5671510280154,35.31415903321138
2020-04-26,0.12679721152982415,0.2531866630639083,,,2731.5671510280154,35.31415903321138
2020-04-27,0.12423836289465558,,,,2731.5671510280154,35.31415903321138
2020-04-28,0.03595959514508516,,-7.16546278350465,-14.384284221628176,2731.5671510280154,35.31415903321138
2020-04-29,0.008074043490732435,0.2316993067839316,-9.357660361444314,-16.411757173432882,2731.5671510280154,35.31415903321138
