year,month,rainfall_mm
2020,1,56.77862220621925
2020,2,57.474222706043285
2020,3,143.09832341978267
2020,4,75.64515058866408
2020,5,86.70571512115882
2020,6,96.8683414400549
2020,7,284.3920353010397
2020,8,354.41588895561034
2020,9,37.84382601357722
2020,10,28.572846219006106
2020,11,20.59666456246511
2020,12,10.953350725636238
2021,1,62.96757585181161
2021,2,22.3063068137923
2021,3,49.544343778781034
2021,4,125.77885288122242
2021,5,189.68747211407825
2021,6,225.18569015031503
2021,7,334.89962653459594
2021,8,320.21157915267304
2021,9,182.11889811321316
2021,10,245.08777803842156
2021,11,12.35251581477214
2021,12,15.654003598189748
2022,1,56.365506807508424
2022,2,19.311113669872032
2022,3,58.31862422373245
2022,4,42.22962716310441
2022,5,80.96664039381974
2022,6,89.99869719480458
2022,7,364.3999580838974
2022,8,245.9469773279228
2022,9,388.57202915892685
2022,10,160.84269511251767
2022,11,18.650818322372672
2022,12,10.534901783159064
2023,1,44.30798822582869
2023,2,23.322953790303746
2023,3,105.1244847185872
2023,4,108.71532125253383
2023,5,84.87270461837792
2023,6,134.51243623933635
2023,7,413.69116787071397
2023,8,254.5426611131945
2023,9,166.8154927238422
2023,10,37.5616904924905
2023,11,12.384603692619944
2023,12,9.904650800073858
2024,1,21.89562371353675
2024,2,36.92356966832941
2024,3,160.35813729982672
2024,4,58.0716295928513
2024,5,61.61174344254046
2024,6,93.91725945542971
2024,7,492.555035254068
2024,8,258.6292959564109
2024,9,322.3452141058263
2024,10,33.976415306748514
2024,11,13.201758069637538
2024,12,57.013904741108924
2025,1,27.86401293386249
2025,2,164.3084932903778
2025,3,77.78460228020488
2025,4,73.35154863265063
2025,5,147.78769465567007
2025,6,210.578606316226
2025,7,352.18910662434723
2025,8,520.4990088920404
2025,9,213.76931735347935
2025,10,52.227750406449275
2025,11,16.63043585782558
2025,12,69.85703184868416
2026,1,83.90943419230891
2026,2,42.166885111287186
2026,3,90.72539356011873
2026,4,42.80626067513812
2026,5,61.78266284980455
2026,6,77.02872993541419
2026,7,163.2603988234241
2026,8,161.33333850844494
